date;open ;high;low;close
24.03.2016;39.55;39.76;38.33;39.58
28.03.2016;39.75;40.13;38.86;39.3
29.03.2016;39.32;39.36;37.91;38.49
30.03.2016;38.66;39.83;38.14;38.3
31.03.2016;38.05;39.03;37.58;38.09
01.04.2016;38.17;38.37;36.63;36.67
04.04.2016;36.4;37.19;35.45;35.45
05.04.2016;35.43;36.56;35.24;36.55
06.04.2016;36.68;37.89;36.56;37.73
07.04.2016;38;38.28;36.69;37.52
08.04.2016;37.53;39.83;37.53;39.53
11.04.2016;40.14;40.74;39.25;40.33
12.04.2016;40.16;42.24;40.09;41.64
13.04.2016;41.77;42.41;41.23;41.54
14.04.2016;42.88;43.32;42.05;42.62
15.04.2016;42.55;42.88;41.19;41.67
18.04.2016;39.51;41.63;39.35;41.46
19.04.2016;41.44;42.87;40.88;42.4
20.04.2016;41.79;44.24;41.29;43.95
21.04.2016;44;44.47;43.05;43.43
22.04.2016;43.53;44.44;43.1;43.72
25.04.2016;43.37;44.03;42.58;42.98
26.04.2016;42.91;44.82;42.5;44.65
27.04.2016;44.52;45.6;43.76;45.31
28.04.2016;45.19;46.13;44.94;45.88
29.04.2016;45.73;46.77;45.24;45.97
02.05.2016;45.64;46.14;44.55;44.89
03.05.2016;44.75;45.34;43.32;43.86
04.05.2016;43.86;44.87;43.22;44.06
05.05.2016;44.47;46.06;43.96;44.5
06.05.2016;44.38;45.32;43.53;44.56
09.05.2016;45.6;45.76;43.23;43.24
10.05.2016;43.26;44.78;43.03;44.53
11.05.2016;44.64;46.35;43.96;45.99
12.05.2016;46.64;47.71;46.33;47.19
13.05.2016;47.13;47.29;46.53;46.95
16.05.2016;46.99;48.66;46.9;48.6
17.05.2016;48.45;49.39;48.18;49.24
18.05.2016;49.06;49.54;48.31;48.43
19.05.2016;48.54;48.77;47.26;48.77
20.05.2016;48.89;49.28;47.95;48.45
23.05.2016;48.14;48.25;47.4;48.09
24.05.2016;48.05;49.26;47.64;49.09
25.05.2016;49.21;49.74;48.65;49.73
26.05.2016;49.55;50.2;49.21;49.4
27.05.2016;49.38;49.51;48.69;49.47
30.05.2016;49.54;49.61;49.07;49.59
31.05.2016;49.57;50.09;48.81;48.84
01.06.2016;48.88;49.25;47.75;48.9
02.06.2016;48.88;49.47;47.97;49.04
03.06.2016;49.01;49.39;48.32;48.81
06.06.2016;48.83;49.88;48.83;49.71
07.06.2016;49.63;50.52;49.44;50.43
08.06.2016;50.37;51.61;50.32;51.51
09.06.2016;51.58;51.64;50.23;50.44
10.06.2016;50.51;50.72;48.81;48.95
13.06.2016;48.67;49.27;48.15;48.56
14.06.2016;48.33;48.68;47.86;47.87
15.06.2016;47.84;48.71;47.28;47.48
16.06.2016;47.97;48.23;46.44;46.53
17.06.2016;46.83;48.77;46.81;48.7
20.06.2016;48.85;49.98;48.79;49.82
21.06.2016;49.88;50.39;48.85;50.19
22.06.2016;50.21;50.53;48.4;48.98
23.06.2016;49.41;50.22;49.11;50.13
24.06.2016;49.69;49.69;46.73;47.64
27.06.2016;47.14;47.95;45.83;46.59
28.06.2016;46.67;48.14;46.55;48.1
29.06.2016;48.16;49.99;48.03;49.52
30.06.2016;49.51;49.59;48.17;48.39
01.07.2016;48.49;49.23;47.89;49.21
04.07.2016;48.98;49.35;48.67;48.75
05.07.2016;48.62;48.64;46.32;46.85
06.07.2016;46.72;47.92;45.92;47.87
07.07.2016;47.65;48.24;44.88;45.18
08.07.2016;45.48;45.95;44.77;45.2
11.07.2016;45.1;45.76;44.42;44.53
12.07.2016;44.59;46.92;44.57;46.64
13.07.2016;46.32;46.65;44.56;45.1
14.07.2016;45.83;46.49;45.64;46.22
15.07.2016;45.99;47.04;45.78;46.67
18.07.2016;46.48;46.79;45.53;45.9
19.07.2016;45.85;46.37;45.3;45.43
20.07.2016;45.53;46.09;44.55;45.65
21.07.2016;45.69;46.08;44.52;44.53
22.07.2016;44.72;44.95;43.74;44.2
25.07.2016;44.27;44.36;42.96;43.05
26.07.2016;43.19;43.26;42.36;42.61
27.07.2016;42.67;43.19;41.67;41.9
28.07.2016;42.05;42.21;41.03;41.09
29.07.2016;41.04;41.66;40.57;41.45
01.08.2016;41.34;41.87;39.83;40.07
02.08.2016;40.14;40.89;39.25;39.72
03.08.2016;39.77;41.19;39.24;41.16
04.08.2016;41.29;42.07;40.43;41.81
05.08.2016;41.82;42.07;41.06;41.89
08.08.2016;42.01;43.38;41.81;42.84
09.08.2016;42.85;43.51;42.47;42.75
10.08.2016;42.66;43.37;41.41;41.49
11.08.2016;41.45;43.85;41.1;43.43
12.08.2016;43.67;44.7;43.31;44.69
15.08.2016;44.61;45.91;44.38;45.7
16.08.2016;45.63;46.72;45.34;46.41
17.08.2016;46.3;46.93;45.85;46.92
18.08.2016;47.52;49.04;47.28;48.96
19.08.2016;48.87;49.35;48.54;48.99
22.08.2016;48.78;48.85;47.33;47.38
23.08.2016;47.19;48.31;46.59;47.57
24.08.2016;47.66;47.72;46.44;46.78
25.08.2016;46.77;47.44;46.42;47.38
26.08.2016;47.35;48.45;46.93;47.3
29.08.2016;47.15;47.27;46.62;46.94
30.08.2016;47.01;47.48;46.21;46.26
31.08.2016;46.22;46.39;44.5;44.84
01.09.2016;44.81;45.06;43;43.52
02.09.2016;43.56;44.67;43.15;44.24
05.09.2016;44.11;46.53;44.06;45.16
06.09.2016;45.09;45.6;43.84;44.88
07.09.2016;44.76;46.16;44.54;46.13
08.09.2016;46.21;47.73;45.77;47.3
09.09.2016;47.28;47.29;45.82;45.88
12.09.2016;45.39;46.51;44.72;46.05
13.09.2016;46.08;46.11;44.77;44.97
14.09.2016;45.14;45.31;43.42;43.62
15.09.2016;44.33;44.95;43.87;44.3
16.09.2016;44.2;44.31;43.36;43.77
19.09.2016;44.27;44.68;43.7;43.75
20.09.2016;43.72;44.58;43.06;44.43
21.09.2016;44.83;45.64;44.7;45.61
22.09.2016;45.56;46.51;45.56;46.07
23.09.2016;45.95;46.54;44.21;44.73
26.09.2016;44.89;46.19;44.43;45.6
27.09.2016;45.67;45.94;44.19;44.92
28.09.2016;44.86;47.42;44.35;47.16
29.09.2016;47.27;48.3;46.6;47.71
30.09.2016;47.78;48.29;47.04;47.95
03.10.2016;47.8;49.01;47.79;48.64
04.10.2016;48.65;49.25;48.26;49.2
05.10.2016;49.15;49.95;49.11;49.69
06.10.2016;49.68;50.61;49.32;50.56
07.10.2016;50.55;50.74;49.41;49.67
10.10.2016;49.25;51.59;49.19;51.14
11.10.2016;51.26;51.51;50.39;50.86
12.10.2016;50.81;51.16;49.89;50.01
13.10.2016;50.35;50.98;49.78;50.9
14.10.2016;50.97;51.49;50.3;50.71
17.10.2016;50.47;50.99;49.9;50.45
18.10.2016;50.51;51.08;50.13;51.08
19.10.2016;51.11;52.22;51;51.65
20.10.2016;51.73;51.81;50.44;50.61
21.10.2016;50.6;51.01;50.21;50.88
24.10.2016;50.62;50.97;49.62;50.47
25.10.2016;50.52;50.92;49.27;49.29
26.10.2016;49.27;50.09;48.87;49.21
27.10.2016;49.23;50.04;49;49.6
28.10.2016;49.69;49.8;48.41;48.75
31.10.2016;48.32;48.72;46.64;46.74
01.11.2016;46.96;47.34;46.19;46.33
02.11.2016;46.37;46.45;44.98;45.49
03.11.2016;45.66;45.89;44.36;44.64
04.11.2016;44.73;44.85;43.57;44.09
07.11.2016;44.5;44.99;44.1;44.94
08.11.2016;44.91;45.37;44.4;44.81
09.11.2016;45.06;45.93;43.07;45.29
10.11.2016;45.06;45.61;44.24;44.27
11.11.2016;44.46;44.61;43.04;43.13
14.11.2016;43.55;43.78;42.19;43.68
15.11.2016;43.67;46.06;43.61;45.74
16.11.2016;45.7;46.38;45.02;45.31
17.11.2016;45.96;47.09;45.46;45.5
18.11.2016;45.43;46.42;45.16;46.32
21.11.2016;46.73;48.49;46.66;48.31
22.11.2016;48.69;49.18;47.16;47.89
23.11.2016;48.1;48.4;47.39;47.92
24.11.2016;48.09;48.23;47.79;47.96
25.11.2016;47.93;47.99;45.87;45.95
28.11.2016;45.47;47.62;45.35;46.87
29.11.2016;46.89;46.95;44.82;45.21
30.11.2016;45.5;49.88;45.38;48.97
01.12.2016;49.25;51.78;49.07;50.88
02.12.2016;51.05;51.71;50.17;51.51
05.12.2016;51.23;52.38;50.91;50.93
06.12.2016;51.29;51.58;50.27;50.89
07.12.2016;50.82;51.18;49.71;49.81
08.12.2016;50;50.95;49.59;50.94
09.12.2016;51;51.64;50.83;51.49
12.12.2016;53.71;54.46;52.18;52.41
13.12.2016;52.76;53.38;52.34;52.45
14.12.2016;52.26;52.76;50.66;50.74
15.12.2016;51.96;52.5;51.08;52.12
16.12.2016;52.19;53.13;51.55;52.98
19.12.2016;53.17;53.57;52.55;53.1
20.12.2016;53.07;53.75;52.82;53.49
21.12.2016;53.56;53.76;52.32;52.5
22.12.2016;52.56;53.16;52.07;52.64
23.12.2016;52.61;53.1;52.25;53.03
27.12.2016;53.12;54.08;53.02;53.86
28.12.2016;53.73;54.31;53.55;53.62
29.12.2016;53.73;54.19;53.58;53.82
30.12.2016;53.92;54.06;53.4;53.75
03.01.2017;54.11;55.22;52.13;52.46
04.01.2017;52.57;53.37;52.14;53.33
05.01.2017;53.13;54.1;52.78;53.75
06.01.2017;53.69;54.29;53.32;53.65
09.01.2017;53.78;53.8;51.74;51.76
10.01.2017;52.02;52.35;50.7;50.75
11.01.2017;50.94;52.75;50.74;52.35
12.01.2017;52.21;53.48;52.1;53.01
13.01.2017;53.8;53.97;53.07;53.27
16.01.2017;53.29;53.48;52.88;53.4
17.01.2017;53.31;54.31;53.03;53.32
18.01.2017;53.28;53.58;51.71;52.17
19.01.2017;52.29;52.65;51.79;52.14
20.01.2017;52.31;53.65;52.12;53.14
23.01.2017;53.27;53.31;52.2;52.82
24.01.2017;52.94;53.54;52.66;52.91
25.01.2017;52.96;53.45;52.55;52.92
26.01.2017;53.01;54.04;52.77;53.7
27.01.2017;53.69;54.04;52.57;53.14
30.01.2017;52.97;53.45;52.4;52.54
31.01.2017;52.6;53.54;52.23;52.77
01.02.2017;52.7;53.9;52.63;53.53
02.02.2017;53.52;54.3;53.34;53.63
03.02.2017;53.86;54.2;53.39;53.84
06.02.2017;53.9;54.1;52.9;53.07
07.02.2017;53.14;53.21;51.61;51.67
08.02.2017;51.46;52.64;51.43;52.36
09.02.2017;52.46;53.19;52.44;53.12
10.02.2017;53.06;54.1;52.89;53.79
13.02.2017;53.71;53.87;52.75;52.85
14.02.2017;53.03;53.7;52.85;53.01
15.02.2017;53.48;53.99;53.22;53.44
16.02.2017;53.53;54.03;53.11;53.82
17.02.2017;53.8;53.89;53.27;53.72
20.02.2017;53.79;54.22;53.7;53.97
21.02.2017;53.95;54.98;53.94;54.21
22.02.2017;54.33;54.57;53.38;53.86
23.02.2017;54;54.91;53.92;54.35
24.02.2017;54.31;54.48;53.74;54.02
27.02.2017;53.95;54.58;53.93;54.01
28.02.2017;54.12;54.2;53.18;53.97
01.03.2017;53.94;54.4;53.62;53.64
02.03.2017;53.69;53.77;52.52;52.53
03.03.2017;52.63;53.37;52.56;53.21
06.03.2017;53.14;53.54;52.75;53.16
07.03.2017;53.18;53.78;52.69;52.77
08.03.2017;52.78;52.89;50.04;50.18
09.03.2017;50.51;50.82;48.6;49.59
10.03.2017;49.61;50.1;48.3;48.45
13.03.2017;47.99;48.66;47.94;48.45
14.03.2017;48.29;48.77;47.08;48.48
15.03.2017;48.93;49.56;48.77;49.48
16.03.2017;49.64;50.12;49;49.25
17.03.2017;49.29;49.69;49.09;49.24
20.03.2017;49.14;49.33;48.45;48.88
21.03.2017;48.96;49.46;47.98;48.13
22.03.2017;48.09;48.3;47.07;48.13
23.03.2017;48.26;48.46;47.57;47.65
24.03.2017;47.79;48.18;47.53;48.13
27.03.2017;48.1;48.11;47.07;47.82
28.03.2017;47.83;48.73;47.79;48.44
29.03.2017;48.5;49.61;48.37;49.58
30.03.2017;49.53;50.45;49.27;50.32
31.03.2017;50.23;50.78;49.89;50.68
03.04.2017;50.56;50.81;50.11;50.22
04.04.2017;50.28;51.27;49.87;51.09
05.04.2017;51.14;51.86;50.73;50.79
06.04.2017;50.85;51.8;50.79;51.71
07.04.2017;51.7;52.91;51.49;52.22
10.04.2017;52.51;53.15;52.29;53.12
11.04.2017;53.16;53.42;52.69;53.38
12.04.2017;53.41;53.74;52.7;52.79
13.04.2017;53.31;53.78;53.24;53.31
17.04.2017;53.41;53.61;53;53.18
18.04.2017;53.12;53.28;52.52;52.75
19.04.2017;52.76;53.02;50.49;50.98
20.04.2017;51.07;51.36;50.49;50.7
21.04.2017;50.74;50.91;49.18;49.53
24.04.2017;49.79;50.19;49.02;49.19
25.04.2017;49.3;49.8;48.86;49.35
26.04.2017;49.26;50.18;48.93;49.18
27.04.2017;49.35;49.4;48.2;49.21
28.04.2017;49.14;49.74;48.79;49.13
01.05.2017;49.23;49.29;48.57;48.72
02.05.2017;48.71;49.26;47.34;48.05
03.05.2017;48.09;48.21;47.29;47.52
04.05.2017;47.64;47.73;45.28;45.47
05.05.2017;45.56;46.65;43.74;46.33
08.05.2017;46.91;46.95;45.72;46.47
09.05.2017;46.52;46.76;45.51;46.16
10.05.2017;46.07;47.76;46;47.33
11.05.2017;47.41;48.2;47.37;47.81
12.05.2017;47.79;48.05;47.34;47.88
15.05.2017;47.76;49.64;47.75;48.8
16.05.2017;48.95;49.35;48.14;48.21
17.05.2017;48.43;49.81;48.35;49.27
18.05.2017;49.4;49.91;48.37;49.62
19.05.2017;49.75;50.78;49.69;50.69
22.05.2017;51.03;51.41;50.73;51.02
23.05.2017;51.13;51.74;50.56;51.47
24.05.2017;51.42;51.85;51.02;51.27
25.05.2017;51.51;51.98;48.44;48.67
26.05.2017;48.85;49.84;48.16;49.73
29.05.2017;49.9;50.27;49.49;49.98
30.05.2017;49.95;50.03;49.02;49.62
31.05.2017;49.65;49.68;47.73;48.61
01.06.2017;48.84;49.15;47.88;48.02
02.06.2017;47.87;48.17;46.73;47.75
05.06.2017;47.74;48.39;46.85;47.37
06.06.2017;47.54;48.37;46.92;47.95
07.06.2017;48.04;48.2;45.63;45.74
08.06.2017;45.92;46.15;45.19;45.68
09.06.2017;45.48;46.15;45.25;45.85
12.06.2017;46.04;46.68;45.65;45.97
13.06.2017;46.18;46.55;45.55;45.93
14.06.2017;46.11;46.64;44.73;44.86
15.06.2017;44.79;45.01;44.44;44.45
16.06.2017;44.56;45.16;44.54;44.92
19.06.2017;44.84;45.26;44.25;44.31
20.06.2017;44.47;44.67;42.93;43.33
21.06.2017;43.49;44.18;42.04;42.5
22.06.2017;42.63;43.3;42.25;42.77
23.06.2017;42.84;43.18;42.52;43.06
26.06.2017;43.19;43.63;42.61;43.47
27.06.2017;43.39;44.41;43.3;43.71
28.06.2017;43.81;44.87;43.79;44.87
29.06.2017;44.78;45.42;44.64;44.84
30.06.2017;44.94;46.2;44.94;46.16
03.07.2017;46.25;47.08;45.9;47.04
04.07.2017;46.99;47.3;46.72;47.05
05.07.2017;47.13;47.21;44.51;45.58
06.07.2017;45.57;46.5;45.17;45.3
07.07.2017;45.03;45.09;43.76;44.27
10.07.2017;44.46;44.81;43.63;44.53
11.07.2017;44.51;45.78;43.82;45.74
12.07.2017;45.73;46.44;45.1;45.43
13.07.2017;45.51;46.41;45.14;46.25
14.07.2017;46.21;46.9;45.95;46.78
17.07.2017;46.82;47.06;46.09;46.16
18.07.2017;46.27;47.11;46.01;46.43
19.07.2017;46.36;47.45;46.31;47.25
20.07.2017;47.26;47.72;46.8;46.91
21.07.2017;46.99;47.19;45.53;45.65
24.07.2017;45.71;46.5;45.39;46.46
25.07.2017;46.38;48.64;46.38;48.52
26.07.2017;48.37;48.84;47.85;48.69
27.07.2017;48.64;49.22;48.25;49.12
28.07.2017;49.07;49.79;48.84;49.67
31.07.2017;49.84;50.38;49.17;50.16
01.08.2017;50.14;50.4;48.35;48.76
02.08.2017;48.83;49.63;48.54;49.58
03.08.2017;49.47;49.94;48.77;48.9
04.08.2017;49.03;49.61;48.49;49.41
07.08.2017;49.53;49.65;48.52;49.3
08.08.2017;49.29;49.77;48.85;48.93
09.08.2017;49.06;49.69;48.89;49.68
10.08.2017;49.6;50.19;48.33;48.48
11.08.2017;48.65;48.95;47.98;48.77
14.08.2017;48.82;49.14;47.42;47.48
15.08.2017;47.52;47.86;47.01;47.68
16.08.2017;47.82;48.11;46.83;46.91
17.08.2017;46.97;47.32;46.61;47.07
18.08.2017;47.09;48.87;46.91;48.75
21.08.2017;48.68;48.85;47.2;47.54
22.08.2017;47.66;48.19;47.34;47.6
23.08.2017;47.61;48.48;47.52;48.35
24.08.2017;48.36;48.41;47.05;47.6
25.08.2017;47.69;47.89;47.38;47.79
28.08.2017;47.73;47.74;46.14;46.78
29.08.2017;46.79;46.95;45.75;46.31
30.08.2017;46.24;46.69;45.82;45.94
31.08.2017;45.8;47.44;45.78;47.07
01.09.2017;47.01;47.32;46.55;47.31
04.09.2017;47.26;47.63;47.14;47.35
05.09.2017;47.38;48.97;47.33;48.61
06.09.2017;48.56;49.39;48.51;49.14
07.09.2017;49.13;49.31;48.62;49.09
08.09.2017;49.12;49.23;47.26;47.54
11.09.2017;47.69;48.24;46.99;48.09
12.09.2017;48.05;48.41;47.72;48.35
13.09.2017;48.25;49.37;48.11;49.29
14.09.2017;49.61;50.86;49.55;50.16
15.09.2017;50.2;50.58;49.86;50.46
18.09.2017;50.32;50.83;49.66;50.34
19.09.2017;50.35;50.8;49.72;50.25
20.09.2017;50.22;51.09;50.12;50.7
21.09.2017;50.66;50.78;50.04;50.71
22.09.2017;50.67;50.76;50.27;50.61
25.09.2017;50.6;52.26;50.38;52.1
26.09.2017;52.06;52.4;51.42;52.05
27.09.2017;52.06;52.31;51.6;52.01
28.09.2017;52.08;52.84;51.21;51.58
29.09.2017;51.57;51.75;51.24;51.53
02.10.2017;51.6;51.65;50.06;50.54
03.10.2017;50.51;50.7;50.09;50.16
04.10.2017;50.07;50.64;49.76;49.87
05.10.2017;49.86;51.19;49.83;50.74
06.10.2017;50.7;50.8;49.08;49.27
09.10.2017;49.45;49.76;49.11;49.54
10.10.2017;49.61;51.04;49.55;50.93
11.10.2017;50.87;51.4;50.59;51
12.10.2017;51.39;51.39;50.46;51.04
13.10.2017;51.05;52.01;51.01;51.62
16.10.2017;52.1;52.63;51.88;52.18
17.10.2017;52.09;52.49;51.46;52.16
18.10.2017;52.31;52.53;51.91;52.23
19.10.2017;52.31;52.37;51.26;51.57
20.10.2017;51.61;51.94;50.86;51.93
23.10.2017;52.09;52.27;51.67;51.84
24.10.2017;51.92;52.58;51.54;52.51
25.10.2017;52.42;52.45;51.88;52.16
26.10.2017;52.13;52.83;51.9;52.79
27.10.2017;52.65;54.01;52.23;53.95
30.10.2017;54.04;54.43;53.74;54.1
31.10.2017;54.05;54.81;53.92;54.62
01.11.2017;54.57;55.2;53.88;54.27
02.11.2017;54.26;54.81;53.97;54.71
03.11.2017;54.87;55.74;54.39;55.72
06.11.2017;55.77;57.59;55.64;57.22
07.11.2017;57.21;57.66;56.81;56.92
08.11.2017;57.06;57.89;56.41;56.8
09.11.2017;56.83;57.5;56.67;57
10.11.2017;57.02;57.32;56.53;56.85
13.11.2017;56.87;57.13;56.29;56.72
14.11.2017;56.68;56.72;54.8;54.97
15.11.2017;55.25;55.72;55.09;55.48
16.11.2017;55.47;55.81;55.13;55.45
17.11.2017;55.44;56.79;55.41;56.77
20.11.2017;56.7;56.9;55.74;56.36
21.11.2017;56.33;57.2;56.32;57.07
22.11.2017;57.2;58.12;57.2;58.03
23.11.2017;57.93;58.56;57.74;58.54
24.11.2017;58.38;59.01;58.35;58.95
27.11.2017;58.73;58.75;57.54;57.82
28.11.2017;57.84;58.08;57.41;57.74
29.11.2017;57.7;58.28;56.75;57.37
30.11.2017;57.33;57.96;56.84;57.4
01.12.2017;57.34;58.86;57.32;58.27
04.12.2017;58.16;58.16;57.34;57.43
05.12.2017;57.49;57.89;57.07;57.46
06.12.2017;57.36;57.55;55.86;55.96
07.12.2017;56.1;56.75;55.8;56.61
08.12.2017;56.6;57.76;56.53;57.34
11.12.2017;57.12;58.05;56.9;58
12.12.2017;57.96;58.54;56.84;57.43
13.12.2017;57.53;57.79;56.52;56.65
14.12.2017;56.79;57.25;56.1;57.19
15.12.2017;57.15;57.49;56.98;57.33
18.12.2017;57.34;57.78;56.86;57.33
19.12.2017;57.27;57.76;57.19;57.64
20.12.2017;57.73;58.1;57.46;58.02
21.12.2017;58.03;58.36;57.62;58.21
22.12.2017;58.13;58.48;57.86;58.32
26.12.2017;58.49;59.99;58.31;59.79
27.12.2017;59.71;59.91;59.32;59.58
28.12.2017;59.61;59.91;59.44;59.87
29.12.2017;59.88;60.48;59.87;60.14
02.01.2018;60.24;60.71;60.09;60.33
03.01.2018;60.4;61.93;60.27;61.91
04.01.2018;61.78;62.19;61.58;61.88
05.01.2018;61.98;62.02;61.09;61.54
08.01.2018;61.65;61.94;61.32;61.89
09.01.2018;62.17;63.45;61.78;63.45
10.01.2018;63.29;63.52;62.93;63.33
11.01.2018;63.39;64.5;63.25;63.43
12.01.2018;63.48;64.34;62.96;64.25
15.01.2018;64.21;64.8;64.01;64.72
16.01.2018;64.43;64.51;63.33;63.8
17.01.2018;63.86;64.12;63.24;63.99
18.01.2018;64.05;64.19;63.42;63.65
19.01.2018;63.33;63.68;62.77;63.47
22.01.2018;63.37;64.1;63.04;63.91
23.01.2018;63.83;64.85;63.69;64.44
24.01.2018;64.52;66.03;64.34;65.85
25.01.2018;66.05;66.64;65.07;65.21
26.01.2018;65.21;66.32;65.2;66.1
29.01.2018;66.34;66.4;64.96;65.5
30.01.2018;65.35;65.37;63.88;63.96
31.01.2018;63.86;64.92;63.78;64.75
01.02.2018;64.85;66.22;64.62;65.96
02.02.2018;66.17;66.23;64.46;65.13
05.02.2018;64.9;65.38;63.4;63.42
06.02.2018;63.57;64.28;63.11;63.9
07.02.2018;63.84;64.15;61.23;61.72
08.02.2018;61.57;62.07;60.26;60.4
09.02.2018;60.51;60.75;58.06;59.17
12.02.2018;59.68;60.79;59.2;59.35
13.02.2018;59.41;59.71;58.39;58.93
14.02.2018;59.06;60.77;58.08;60.61
15.02.2018;60.84;61.44;59.58;61.26
16.02.2018;61.3;61.85;60.75;61.51
19.02.2018;62.17;62.48;61.89;62.36
20.02.2018;62.42;62.42;61.42;61.55
21.02.2018;61.26;61.84;60.9;61.31
22.02.2018;61.04;63.07;60.74;62.62
23.02.2018;62.7;63.71;62.32;63.52
26.02.2018;63.48;64.21;63.04;63.96
27.02.2018;64.01;64.05;62.62;62.81
28.02.2018;62.6;63.4;61.35;61.52
01.03.2018;61.57;61.81;60.18;61.31
02.03.2018;61.2;61.48;60.12;61.45
05.03.2018;61.52;62.76;61.1;62.59
06.03.2018;62.78;63.26;62.16;62.34
07.03.2018;61.98;62.56;60.57;61.33
08.03.2018;61.26;61.37;59.95;60.29
09.03.2018;60.37;62.12;60.12;62.03
12.03.2018;62.11;62.31;60.65;61.36
13.03.2018;61.28;61.95;60.25;60.83
14.03.2018;60.86;61.31;60.16;60.97
15.03.2018;61.07;61.58;60.85;61.23
16.03.2018;61.29;62.58;61.13;62.31
19.03.2018;62.16;62.41;61.44;62.2
20.03.2018;62.22;63.96;62.2;63.72
21.03.2018;63.73;65.53;63.57;65.47
22.03.2018;65.39;65.42;64.13;64.19
23.03.2018;64.52;65.97;64.38;65.84
26.03.2018;66.35;66.42;65.06;65.47
27.03.2018;65.61;66.33;64.51;64.65
28.03.2018;64.82;65.1;63.71;64.65
29.03.2018;64.6;65.23;64.15;64.9
02.04.2018;65.1;65.4;62.81;62.83
03.04.2018;63.06;63.83;63;63.55
04.04.2018;63.52;63.58;62.05;63.54
05.04.2018;63.73;64.1;63.06;63.71
06.04.2018;63.18;63.66;61.8;61.98
09.04.2018;62.18;63.59;62.08;63.26
10.04.2018;63.22;65.84;63.19;65.54
11.04.2018;65.52;67.36;65.07;66.61
12.04.2018;66.66;67.2;65.93;67.01
13.04.2018;66.78;67.6;66.58;67.16
16.04.2018;67.06;67.06;66.08;66.29
17.04.2018;66.43;66.7;65.58;66.62
18.04.2018;66.84;68.87;66.73;68.74
19.04.2018;68.73;69.53;67.99;68.14
20.04.2018;68.33;68.63;67.47;68.09
23.04.2018;68.18;69.01;67.12;68.89
24.04.2018;68.94;69.35;67.53;67.7
25.04.2018;67.83;68.15;67.1;67.98
26.04.2018;68.26;68.76;67.7;68.14
27.04.2018;68.04;68.33;67.64;68.06
30.04.2018;68;69.32;67.15;68.56
01.05.2018;68.58;68.87;66.84;67.47
02.05.2018;67.42;68.11;66.91;67.66
03.05.2018;67.63;68.57;67.2;68.47
04.05.2018;68.49;69.94;68.11;69.74
07.05.2018;69.74;70.8;69.5;69.97
08.05.2018;70.04;70.37;67.62;70.03
09.05.2018;70.19;71.34;70.12;71.23
10.05.2018;71.39;71.85;70.55;71.38
11.05.2018;71.46;71.58;70.44;70.54
14.05.2018;70.68;71.21;70.25;71.15
15.05.2018;71.03;71.9;70.41;70.98
16.05.2018;71.02;71.64;70.74;71.59
17.05.2018;71.79;72.34;71.22;71.66
18.05.2018;71.64;71.84;71.07;71.36
21.05.2018;71.76;72.65;71.31;72.64
22.05.2018;72.5;72.88;71.85;72.1
23.05.2018;72.19;72.23;71.17;71.81
24.05.2018;71.8;71.8;70.52;70.65
25.05.2018;70.61;70.72;67.48;67.67
28.05.2018;67.34;67.37;65.78;66.47
29.05.2018;66.95;67.32;65.9;66.84
30.05.2018;66.82;68.63;66.33;68.21
31.05.2018;68.07;68.19;66.57;67.08
01.06.2018;67.05;67.32;65.55;65.56
04.06.2018;65.83;66.01;64.56;64.86
05.06.2018;65.01;65.54;64.21;65.51
06.06.2018;65.54;65.94;64.26;64.98
07.06.2018;65.15;66.05;64.8;65.92
08.06.2018;66.14;66.21;65.15;65.62
11.06.2018;65.59;66.33;64.84;66.04
12.06.2018;66.14;66.67;65.86;66.01
13.06.2018;65.81;66.74;65.74;66.47
14.06.2018;66.46;67.01;66.16;66.8
15.06.2018;66.77;66.86;64.39;64.48
18.06.2018;64.12;65.8;63.39;65.66
19.06.2018;65.36;65.66;64.22;64.88
20.06.2018;65.13;66.33;64.78;65.32
21.06.2018;65.61;66.2;64.33;65.78
22.06.2018;65.95;69.22;65.95;69.21
25.06.2018;68.61;69.4;67.77;68.18
26.06.2018;68.08;70.87;67.72;70.66
27.06.2018;70.58;73.03;70.55;72.28
28.06.2018;72.43;74.01;72.19;73.26
29.06.2018;73.39;74.44;72.91;74.3
02.07.2018;73.4;74.32;73.08;74.05
03.07.2018;74.12;75.25;72.73;74.25
04.07.2018;74.57;74.73;73.49;74.31
05.07.2018;74.11;74.78;72.52;73.11
06.07.2018;73.1;73.91;72.13;73.79
09.07.2018;73.76;74.22;72.97;73.99
10.07.2018;73.91;74.67;73.64;74.15
11.07.2018;72.35;72.35;68.4;69.21
12.07.2018;69.11;69.8;68.07;69.34
13.07.2018;69.28;70.58;68.75;69.59
16.07.2018;69.58;69.75;66.69;67.09
17.07.2018;67.12;67.58;66.35;66.65
18.07.2018;66.88;67.98;66.28;67.9
19.07.2018;67.83;68.77;66.61;68
20.07.2018;68.18;68.89;67.68;68.05
23.07.2018;68.21;69.28;67.58;67.8
24.07.2018;67.86;69.02;67.56;68.73
25.07.2018;68.8;69.67;68.19;69.24
26.07.2018;69.54;69.9;68.92;69.52
27.07.2018;69.56;69.74;68.24;68.85
30.07.2018;68.95;70.4;68.76;70.05
31.07.2018;70.09;70.18;68.05;68.39
01.08.2018;68.27;68.47;67.29;67.82
02.08.2018;67.8;69.32;66.9;68.95
03.08.2018;68.83;69.2;67.85;68.61
06.08.2018;68.58;69.9;68.52;68.88
07.08.2018;68.82;69.8;68.81;69.07
08.08.2018;69.18;69.35;66.3;66.76
09.08.2018;66.78;67.4;66.48;66.68
10.08.2018;66.71;67.85;66.13;67.7
13.08.2018;67.76;67.8;65.7;67.38
14.08.2018;67.39;68.35;66.56;66.62
15.08.2018;65.96;66.2;63.92;64.34
16.08.2018;64.27;64.93;63.89;64.81
17.08.2018;64.73;65.73;64.68;65.13
20.08.2018;65.08;65.59;64.84;65.41
21.08.2018;65.39;66.47;65.31;66.06
22.08.2018;66;68.11;65.96;68.08
23.08.2018;67.95;68.03;67.31;67.82
24.08.2018;67.8;69.29;67.76;68.58
27.08.2018;68.63;68.94;68.33;68.89
28.08.2018;69.03;69.18;68.2;68.5
29.08.2018;68.58;69.73;68.35;69.67
30.08.2018;69.64;70.48;69.54;70.02
31.08.2018;70.07;70.34;69.63;69.9
03.09.2018;69.91;70.19;69.51;70.08
04.09.2018;70.04;71.37;69.06;69.35
05.09.2018;69.4;69.57;68.58;68.61
06.09.2018;68.44;68.99;66.99;67.87
07.09.2018;67.91;68.07;66.85;67.83
10.09.2018;68.1;68.5;67.32;67.5
11.09.2018;67.55;69.99;67.47;69.88
12.09.2018;69.52;70.88;69.22;70.05
13.09.2018;69.93;69.95;68.14;68.6
14.09.2018;68.68;69.68;67.78;68.7
17.09.2018;68.58;69.48;68.3;68.49
18.09.2018;68.3;70.15;68.28;69.44
19.09.2018;69.47;71.05;69.34;71
20.09.2018;70.98;71.32;70.02;70.16
21.09.2018;70.23;71.78;69.97;70.8
24.09.2018;71.54;72.71;71.45;72.23
25.09.2018;72.07;72.74;71.88;72.04
26.09.2018;71.96;72.35;71.46;72.01
27.09.2018;72.13;72.58;71.7;72.16
28.09.2018;72.14;73.7;71.87;73.46
01.10.2018;73.44;75.75;72.93;75.45
02.10.2018;75.46;75.88;74.92;75.03
03.10.2018;75.2;76.88;74.31;76.19
04.10.2018;76.13;76.44;73.87;74.63
05.10.2018;74.68;75.2;73.85;74.35
08.10.2018;73.82;74.32;73.06;74.2
09.10.2018;74.3;75.25;73.99;74.65
10.10.2018;74.6;74.92;72.24;72.45
11.10.2018;72.5;72.57;70.35;70.84
12.10.2018;70.89;71.87;70.45;71.37
15.10.2018;72.18;72.2;70.69;71.53
16.10.2018;71.68;72.11;70.86;72.01
17.10.2018;72.13;72.13;69.37;69.98
18.10.2018;69.86;69.89;68.53;68.67
19.10.2018;68.85;69.87;68.61;69.49
22.10.2018;69.37;69.81;68.45;69.51
23.10.2018;69.54;69.55;65.73;66.07
24.10.2018;66.27;67.7;66.03;66.37
25.10.2018;66.29;67.62;65.99;66.95
26.10.2018;66.83;67.85;66.18;67.67
29.10.2018;67.67;67.92;66.28;66.68
30.10.2018;66.71;67.23;65.32;66.33
31.10.2018;66.46;66.98;64.8;64.84
01.11.2018;64.96;65.36;63.1;63.52
02.11.2018;63.61;63.93;62.62;62.81
05.11.2018;62.79;64.12;62.51;62.67
06.11.2018;62.97;63.26;61.3;61.74
07.11.2018;61.85;63.05;61.21;61.58
08.11.2018;61.72;62.4;60.4;60.75
09.11.2018;60.64;60.67;59.55;59.87
12.11.2018;60.69;61.23;58.66;58.83
13.11.2018;58.98;59.29;54.74;55.25
14.11.2018;55.84;57.26;55.29;56.18
15.11.2018;56.28;57.45;55.79;56.76
16.11.2018;56.8;58.08;56.1;56.99
19.11.2018;57.18;57.48;55.67;57.35
20.11.2018;57.24;57.31;53.14;53.35
21.11.2018;53.54;55.83;53.54;54.6
22.11.2018;54.72;54.76;53.51;53.83
23.11.2018;53.77;54.05;50.14;50.38
26.11.2018;50.84;52.15;50.34;51.58
27.11.2018;51.34;52.18;50.29;52.07
28.11.2018;51.79;52.29;50.12;50.28
29.11.2018;50.89;52.07;49.4;51.24
30.11.2018;51.46;51.76;50.15;50.69
03.12.2018;52.88;53.74;52.04;53.06
04.12.2018;53.07;54.3;52.42;52.57
05.12.2018;52.71;54.36;52.14;52.9
06.12.2018;52.55;52.82;50.08;51.69
07.12.2018;51.39;54.08;50.59;52.44
10.12.2018;52.54;52.78;50.56;50.88
11.12.2018;51.09;52.3;50.69;51.94
12.12.2018;52.43;53.01;51.24;51.37
13.12.2018;51.61;53.47;50.7;53.06
14.12.2018;52.72;52.9;51.22;51.32
17.12.2018;51.67;52.13;49.33;49.44
18.12.2018;49.81;49.81;46.15;46.22
19.12.2018;46.91;48.33;46.32;47.39
20.12.2018;47.38;47.48;45.66;46.19
21.12.2018;46.58;46.74;45.11;45.42
24.12.2018;45.55;46.2;43.99;44.02
26.12.2018;43.13;46.98;42.51;46.58
27.12.2018;46.03;46.35;44.54;45.38
28.12.2018;45.89;46.2;44.48;45.07
31.12.2018;45.51;46.5;44.73;45.83
02.01.2019;45.66;47.74;44.41;46.29
03.01.2019;45.47;47.42;45.37;46.81
04.01.2019;46.75;49.06;46.65;48.23
07.01.2019;48.49;49.77;48.33;48.75
08.01.2019;48.89;49.92;48.29;49.78
09.01.2019;50.25;52.55;50.15;52.14
10.01.2019;51.79;52.68;51.43;52.29
11.01.2019;52.22;53.29;51.49;51.65
14.01.2019;51.7;51.76;50.57;50.76
15.01.2019;50.99;52.14;50.66;51.97
16.01.2019;52.04;52.78;51.56;52.59
17.01.2019;52.43;52.72;51.31;52.47
18.01.2019;52.83;54.12;52.58;53.92
21.01.2019;53.81;54.37;53.64;54.2
22.01.2019;53.95;54.02;52.23;52.97
23.01.2019;52.76;53.57;51.84;52.36
24.01.2019;52.62;53.39;52.06;53.15
25.01.2019;53.17;53.9;52.89;53.54
28.01.2019;53.39;53.59;51.32;52.07
29.01.2019;51.95;53.55;51.88;53.23
30.01.2019;53.28;54.9;53.08;54.2
31.01.2019;54.57;55.29;53.79;53.99
01.02.2019;54.06;55.35;53.37;55.32
04.02.2019;55.17;55.64;53.73;54.82
05.02.2019;54.65;55.17;53.52;53.69
06.02.2019;53.71;54.26;52.85;53.88
07.02.2019;53.82;54.17;51.78;52.58
08.02.2019;52.61;52.97;52.14;52.68
11.02.2019;52.17;52.65;51.23;52.42
12.02.2019;52.41;53.92;52.36;53.31
13.02.2019;53.64;54.58;53.27;53.94
14.02.2019;54.05;54.66;53.71;54.45
15.02.2019;55.26;56.15;54.6;56.09
18.02.2019;56.47;56.71;56.14;56.45
19.02.2019;56.15;56.56;55.89;56.4
20.02.2019;56.24;57.57;55.76;57.22
21.02.2019;57.2;57.46;56.63;56.82
22.02.2019;56.92;57.78;56.79;57.16
25.02.2019;57.45;57.47;55.07;55.4
26.02.2019;55.51;56.05;55;55.96
27.02.2019;55.94;57.37;55.71;56.97
28.02.2019;56.96;57.27;56.47;57.24
01.03.2019;57.43;57.77;55.56;55.78
04.03.2019;56.04;56.68;55.8;56.42
05.03.2019;56.41;56.84;56.07;56.26
06.03.2019;56.05;56.37;55.78;56.16
07.03.2019;56.18;56.96;56.12;56.39
08.03.2019;56.42;56.43;54.55;56.09
11.03.2019;56.17;56.98;56.03;56.75
12.03.2019;56.98;57.52;56.74;57.06
13.03.2019;57.47;58.78;57.32;58.63
14.03.2019;58.58;59.04;58.31;58.82
15.03.2019;58.85;59.23;58.02;58.68
18.03.2019;58.71;59.52;58.36;59.25
19.03.2019;59.28;59.84;58.88;59.29
20.03.2019;59.2;60.26;58.56;59.98
21.03.2019;60.1;60.37;59.65;59.86
22.03.2019;59.92;60.04;58.26;58.95
25.03.2019;58.72;59.32;58.16;59.06
26.03.2019;59.2;60.36;59.12;60.02
27.03.2019;59.83;60.2;58.8;59.38
28.03.2019;59.22;59.53;58.19;59.49
29.03.2019;59.52;60.7;59.41;60.18
01.04.2019;60.39;61.77;60.38;61.75
02.04.2019;61.71;62.73;61.58;62.56
03.04.2019;62.5;62.96;62.05;62.47
04.04.2019;62.41;62.75;61.88;62.16
05.04.2019;62.06;63.31;61.8;63.27
08.04.2019;63.36;64.46;63.12;64.43
09.04.2019;64.42;64.77;63.66;64.19
10.04.2019;64.21;64.68;64.04;64.44
11.04.2019;64.36;64.43;63.3;63.68
12.04.2019;63.74;64.62;63.69;63.81
15.04.2019;63.63;63.75;63.02;63.54
16.04.2019;63.49;64.34;62.98;64.3
17.04.2019;64.45;64.7;63.75;63.82
18.04.2019;63.76;64.22;63.54;64.04
22.04.2019;64.51;65.96;64.49;65.66
23.04.2019;65.8;66.57;65.56;66.16
24.04.2019;65.96;66.41;65.64;65.76
25.04.2019;65.74;66.25;64.89;65.08
26.04.2019;64.91;65.05;62.26;62.87
29.04.2019;62.85;63.66;62.45;63.59
30.04.2019;63.5;64.73;63.29;63.43
01.05.2019;63.53;63.91;62.76;63.58
02.05.2019;63.47;63.65;60.93;61.53
03.05.2019;61.72;62.5;61.29;61.84
06.05.2019;60.46;62.92;60.02;62.49
07.05.2019;62.26;62.47;60.65;61.42
08.05.2019;61.59;62.35;61.05;61.97
09.05.2019;61.99;62.18;60.91;61.58
10.05.2019;61.97;62.46;61.41;61.56
13.05.2019;61.21;63.3;60.63;60.81
14.05.2019;60.94;62.09;60.68;61.32
15.05.2019;61.13;62.32;60.83;62.11
16.05.2019;62.17;63.46;62.14;63.11
17.05.2019;63.31;63.8;62.69;62.86
20.05.2019;63.6;63.94;62.59;63.27
21.05.2019;63.31;63.76;62.77;62.95
22.05.2019;62.77;62.79;61.01;61.3
23.05.2019;61.32;61.39;57.31;58.16
24.05.2019;58.2;58.95;57.49;58.83
27.05.2019;58.64;59.24;58.12;59.23
28.05.2019;59.15;59.54;58.61;59.04
29.05.2019;58.89;59.1;56.87;59.03
30.05.2019;59.11;59.66;56.32;56.39
31.05.2019;55.94;56.2;53.04;53.23
03.06.2019;52.96;54.6;52.59;52.83
04.06.2019;53.02;53.75;52.41;52.93
05.06.2019;53.02;53.38;50.59;51.68
06.06.2019;51.66;53.28;51.16;53.15
07.06.2019;53.19;54.3;52.61;53.98
10.06.2019;54.44;54.52;53.04;53.4
11.06.2019;53.34;54.02;52.89;53.02
12.06.2019;52.68;52.71;50.71;51.06
13.06.2019;51.26;53.42;50.9;52.18
14.06.2019;51.75;52.96;51.68;52.49
17.06.2019;52.65;52.71;51.57;51.9
18.06.2019;51.82;54.28;51.48;54.06
19.06.2019;54.48;54.62;53.49;54.36
20.06.2019;54.64;57.34;54.5;57.14
21.06.2019;57.31;57.96;56.64;57.63
24.06.2019;57.75;58.2;56.73;57.73
25.06.2019;57.9;58.82;57.19;58.74
26.06.2019;58.97;59.9;58.64;59.18
27.06.2019;58.83;59.7;58.59;59.27
28.06.2019;59.43;59.77;57.74;58.01
01.07.2019;59.58;60.26;58.32;59.16
02.07.2019;58.74;59.41;56.08;56.3
03.07.2019;56.46;57.43;56.1;57.38
04.07.2019;57.51;57.51;56.46;56.78
05.07.2019;56.77;57.71;56.29;57.56
08.07.2019;57.58;58.44;57.29;57.55
09.07.2019;57.4;58.85;57.3;58.31
10.07.2019;58.65;60.51;58.52;60.25
11.07.2019;60.53;60.91;60.13;60.42
12.07.2019;60.45;60.72;59.91;60.24
15.07.2019;60.14;60.89;59.2;59.3
16.07.2019;59.42;60.04;57.06;57.46
17.07.2019;57.61;58.34;56.2;56.55
18.07.2019;56.58;57.29;54.73;55.61
19.07.2019;56.01;56.46;55.11;56.2
22.07.2019;56.22;57.01;55.82;56.21
23.07.2019;56.06;57.42;55.73;57.15
24.07.2019;57.06;57.61;55.32;55.89
25.07.2019;55.98;56.96;55.79;55.89
26.07.2019;55.99;56.54;55.67;56.15
29.07.2019;55.99;57.07;55.81;57.03
30.07.2019;57.21;58.43;56.95;58.32
31.07.2019;58.28;58.8;57.79;57.86
01.08.2019;57.55;57.97;53.59;54.46
02.08.2019;54.37;56.01;54.34;55.27
05.08.2019;55.32;55.58;54.2;54.98
06.08.2019;54.01;55.4;53.29;53.44
07.08.2019;53.43;53.73;50.51;52.29
08.08.2019;52.37;53.03;51.93;52.89
09.08.2019;52.8;54.88;52.35;54.38
12.08.2019;54.25;55.16;53.54;54.75
13.08.2019;54.79;57.43;54.21;56.7
14.08.2019;56.8;56.8;53.96;54.9
15.08.2019;54.9;55.3;53.75;54.68
16.08.2019;54.71;55.6;54.21;54.83
19.08.2019;55.2;56.29;54.83;56.08
20.08.2019;55.93;56.57;55.15;56.08
21.08.2019;56.13;57.1;55.54;55.83
22.08.2019;56.01;56.44;54.84;55.36
23.08.2019;55.5;55.58;53.24;53.85
26.08.2019;53.14;55.24;53.07;53.76
27.08.2019;53.82;55.69;53.68;55.67
28.08.2019;55.57;56.69;55.34;55.88
29.08.2019;55.86;56.87;55.41;56.59
30.08.2019;56.55;56.7;54.55;55.05
02.09.2019;54.81;55.21;54.33;54.77
03.09.2019;54.71;55.01;52.83;53.91
04.09.2019;53.98;56.56;53.88;55.97
05.09.2019;56.07;57.7;55.74;56.15
06.09.2019;56.29;56.92;54.81;56.55
09.09.2019;56.89;58.14;56.57;58.02
10.09.2019;58.22;58.74;57.18;57.82
11.09.2019;57.93;58.27;55.59;55.95
12.09.2019;56.12;56.32;53.99;55.09
13.09.2019;54.91;55.58;54.37;54.86
16.09.2019;61.01;63.09;58.62;61.63
17.09.2019;61.6;62.36;58.25;58.59
18.09.2019;58.72;59.26;57.57;58.17
19.09.2019;58.09;59.47;58.01;58.62
20.09.2019;58.79;59.22;57.91;58.46
23.09.2019;58.67;58.84;57.38;58.44
24.09.2019;58.38;58.47;56.67;56.76
25.09.2019;56.8;56.99;55.6;56.63
26.09.2019;56.62;56.81;55.39;56.52
27.09.2019;56.25;56.73;54.72;55.81
30.09.2019;56.06;56.11;53.95;54.2
01.10.2019;54.29;54.81;53.02;53.95
02.10.2019;54.02;54.39;52.14;52.43
03.10.2019;52.42;52.89;50.96;52.26
04.10.2019;52.51;53.33;52.01;52.83
07.10.2019;52.61;54.03;52.55;52.75
08.10.2019;52.92;53.25;51.79;52.52
09.10.2019;52.42;53.72;52.28;52.6
10.10.2019;52.44;53.94;52.07;53.82
11.10.2019;53.81;54.91;53.61;54.69
14.10.2019;54.74;54.76;52.75;53.45
15.10.2019;53.43;53.76;52.36;52.88
16.10.2019;53;53.72;52.48;52.95
17.10.2019;52.76;54.13;52.61;54.06
18.10.2019;54.03;54.67;53.4;53.82
21.10.2019;53.7;54.14;52.83;53.61
22.10.2019;53.56;54.78;53.2;54.29
23.10.2019;54.15;56.05;53.58;55.89
24.10.2019;55.69;56.48;55.38;56.04
25.10.2019;56.06;56.71;55.57;56.69
28.10.2019;56.65;56.9;55.55;55.7
29.10.2019;55.84;55.89;54.58;55.47
30.10.2019;55.48;55.7;54.39;54.87
31.10.2019;54.88;55.57;53.68;54.12
01.11.2019;54.12;56.31;54.07;56.06
04.11.2019;55.89;57.4;55.8;56.5
05.11.2019;56.34;57.47;56.29;57.24
06.11.2019;57.01;57.81;56.08;56.35
07.11.2019;56.33;57.84;56.24;57.05
08.11.2019;56.83;57.45;55.74;57.39
11.11.2019;56.93;57.3;56.22;56.86
12.11.2019;56.7;57.52;56.52;56.77
13.11.2019;56.63;57.5;56.17;57.26
14.11.2019;57.29;57.76;56.6;56.87
15.11.2019;57.1;58.07;56.5;57.86
18.11.2019;57.77;58.14;56.61;56.95
19.11.2019;56.92;57.18;55.13;55.22
20.11.2019;55.48;57.35;54.83;57.07
21.11.2019;56.82;58.64;56.57;58.28
22.11.2019;58.23;58.72;57.47;57.9
25.11.2019;57.78;58.12;57.18;57.89
26.11.2019;57.91;58.53;57.74;58.28
27.11.2019;58.16;58.64;57.49;58.12
28.11.2019;57.8;58.26;57.6;58.21
29.11.2019;58.11;58.15;54.99;55.4
02.12.2019;56.11;56.65;55.59;55.95
03.12.2019;56.1;56.77;55.32;56.28
04.12.2019;56.3;58.63;56.24;58.31
05.12.2019;58.22;59.09;58.08;58.3
06.12.2019;58.34;59.82;57.68;58.97
09.12.2019;58.8;59.22;58.21;58.88
10.12.2019;58.87;59.49;58.49;59.05
11.12.2019;58.93;59.2;58.08;58.73
12.12.2019;58.86;59.69;58.72;59.2
13.12.2019;59.37;60.36;59.15;59.69
16.12.2019;59.73;60.27;59.68;60.12
17.12.2019;60.09;60.94;59.94;60.44
18.12.2019;60.51;61.09;60.22;60.75
19.12.2019;60.8;61.37;60.66;61.03
20.12.2019;61.06;61.17;59.99;60.32
23.12.2019;60.39;60.74;60.07;60.61
24.12.2019;60.53;61.09;60.44;60.98
26.12.2019;61.2;61.8;61.04;61.72
27.12.2019;61.67;61.94;61.2;61.67
30.12.2019;61.62;62.31;61.06;61.62
31.12.2019;61.56;61.86;60.59;61.12
02.01.2020;61.37;61.43;60.64;61.13
03.01.2020;61.27;64.06;61.23;62.95
06.01.2020;63.94;64.69;62.61;62.79
07.01.2020;63.04;63.13;62.08;62.66
08.01.2020;64.87;65.04;59.11;59.94
09.01.2020;60.24;60.27;58.63;59.55
10.01.2020;59.43;59.76;58.82;59.08
13.01.2020;59.02;59.24;57.88;58.04
14.01.2020;58.18;58.69;57.71;58.11
15.01.2020;58.09;58.34;57.33;58.08
16.01.2020;58.03;58.84;57.53;58.57
17.01.2020;58.52;58.97;58.28;58.71
20.01.2020;59.13;59.24;58.53;58.66
21.01.2020;58.74;58.76;57.68;58.21
22.01.2020;58.22;58.24;56;56.04
23.01.2020;55.98;56.03;54.74;55.67
24.01.2020;55.64;55.93;53.84;54.35
27.01.2020;53.09;53.52;52.11;52.78
28.01.2020;53.02;54.03;52.65;53.96
29.01.2020;53.77;54.34;52.79;53.05
30.01.2020;53.09;53.16;51.64;52.9
31.01.2020;53.27;53.32;50.95;51.62
03.02.2020;51.1;51.95;49.77;49.87
04.02.2020;50.03;51.53;49.27;49.43
05.02.2020;49.82;51.85;49.68;51.13
06.02.2020;51.14;52.14;50.2;51.04
07.02.2020;51.16;51.33;50.06;50.4
10.02.2020;49.89;50.44;49.41;49.62
11.02.2020;50.06;50.66;49.68;49.93
12.02.2020;50.21;51.7;50.2;51.66
13.02.2020;51.1;51.88;50.57;51.49
14.02.2020;51.4;52.3;51.29;52.05
17.02.2020;51.9;52.32;51.78;52.31
18.02.2020;51.9;52.17;50.86;52.08
19.02.2020;52.17;53.83;52.13;53.69
20.02.2020;53.94;54.61;53.41;53.7
21.02.2020;53.56;53.82;52.53;53.31
24.02.2020;52.34;52.38;50.41;51.31
25.02.2020;51.47;51.99;49.66;50.09
26.02.2020;50.03;50.41;48.27;48.61
27.02.2020;48.52;48.73;45.85;46.3
28.02.2020;46.31;47;43.82;45.23
02.03.2020;44.28;47.51;44.01;47.49
03.03.2020;47.82;48.63;46.44;47.08
04.03.2020;46.83;48.38;46.63;47.15
05.03.2020;47.25;47.54;45.62;45.97
06.03.2020;46.08;46.35;41.02;41.53
08.03.2020;30.71;33.3;30.54;32.59
09.03.2020;32.55;34.84;27.3;31.7
10.03.2020;31.72;34.98;31.68;34.27
11.03.2020;34.31;36.27;32.53;33.5
12.03.2020;33.52;33.53;29.99;30.96
13.03.2020;30.97;33.97;30.59;33.02
15.03.2020;31.46;31.46;30.11;30.25
16.03.2020;30.22;31.54;28.09;29.03
17.03.2020;29.01;30.28;26.6;26.79
18.03.2020;27.26;27.55;20.49;23.44
19.03.2020;23.45;28.18;21.74;25.57
20.03.2020;25.55;28.47;22.37;23.61
22.03.2020;21.04;21.72;20.77;21.39
23.03.2020;21.44;24.29;20.8;24.11
24.03.2020;24.12;25.13;23.07;24.9
25.03.2020;24.92;25.2;22.89;24.35
26.03.2020;24.37;24.63;22.34;23.08
27.03.2020;23.11;23.36;20.86;21.78
30.03.2020;20.62;20.84;19.24;20.25
31.03.2020;20.29;21.85;19.95;20.09
01.04.2020;20.24;21.52;19.89;21.17
02.04.2020;21.26;27.3;20.74;24.71
03.04.2020;24.91;29.05;23.48;28.51
06.04.2020;25.86;28.22;25.71;26.26
07.04.2020;26.44;27.21;23.52;24.24
08.04.2020;24.31;26.37;23.71;26.1
09.04.2020;26.25;28.32;22.56;23.19
13.04.2020;22.57;24.54;22;22.39
14.04.2020;22.63;23.04;19.92;20.67
15.04.2020;20.79;20.87;19.17;20.13
16.04.2020;20.29;20.51;19.39;19.72
17.04.2020;26.53;26.75;24.53;25.1
20.04.2020;24.56;24.79;20.18;21.21
21.04.2020;20.96;22.55;6.39;13.08
22.04.2020;19.56;22.78;17.4;20.78
23.04.2020;20.83;23.37;20.24;21.83
24.04.2020;21.86;22.94;20.7;21.27
27.04.2020;21;21.14;17.75;18.24
28.04.2020;18.02;19.62;17.23;17.91
29.04.2020;17.74;20.33;17.37;19.13
30.04.2020;19.51;22.24;19.46;21.97
01.05.2020;21.84;23.22;20.82;22.33
04.05.2020;21.63;23.75;20.8;23.47
05.05.2020;23.64;27.31;23.35;27.11
06.05.2020;27.61;27.93;24.51;25.48
07.05.2020;25.76;27.75;24.34;24.8
08.05.2020;24.85;26.25;24.72;25.91
11.05.2020;25.87;26.69;24.75;25.35
12.05.2020;25.49;26.83;25.11;25.85
13.05.2020;25.74;26.91;25.21;25.89
14.05.2020;26.02;28.23;25.54;27.96
15.05.2020;27.84;29.74;27.49;29.55
18.05.2020;29.87;33.04;29.82;32.35
19.05.2020;32.14;32.87;31.08;31.85
20.05.2020;31.69;33.74;31.54;33.48
21.05.2020;33.46;34.61;33.22;33.86
22.05.2020;33.72;33.97;30.67;33.46
25.05.2020;33;34.15;32.45;33.69
26.05.2020;33.64;34.77;33.34;34.14
27.05.2020;34.08;34.28;31.75;32.18
28.05.2020;32.06;34.17;31.1;33.63
29.05.2020;33.54;35.74;32.32;35.03
01.06.2020;35.03;35.87;34.24;35.53
02.06.2020;35.59;37.03;35.25;36.84
03.06.2020;36.85;38.15;35.86;36.67
04.06.2020;36.59;37.6;36.34;37.32
05.06.2020;37.36;39.65;37.01;39.25
08.06.2020;39.68;40.41;37.93;38.18
09.06.2020;38.1;39.08;37.04;38.38
10.06.2020;38.44;39.89;37.7;39.07
11.06.2020;38.99;39.03;35.38;36.14
12.06.2020;36.34;36.96;34.46;36.41
15.06.2020;35.83;37.23;34.33;37.04
16.06.2020;37.05;39.04;36.35;37.91
17.06.2020;38.02;38.98;37.44;37.96
18.06.2020;37.94;39.13;37.36;38.97
19.06.2020;38.98;40.58;38.49;39.58
22.06.2020;39.31;40.75;39.13;40.56
23.06.2020;40.68;41.6;39.72;39.96
24.06.2020;40.11;40.51;37.28;38.05
25.06.2020;38.15;39.21;37.05;39.02
26.06.2020;39.09;39.32;37.76;38.14
29.06.2020;37.86;39.86;37.49;39.61
30.06.2020;39.52;40.05;38.82;39.81
01.07.2020;39.82;40.56;39.03;39.7
02.07.2020;39.75;40.73;39.43;40.27
03.07.2020;40.28;40.48;39.81;40.23
06.07.2020;40.28;41.06;40.12;40.57
07.07.2020;40.59;40.92;39.87;40.46
08.07.2020;40.36;41.07;40.28;40.86
09.07.2020;40.9;40.97;39.24;39.54
10.07.2020;39.6;40.74;38.5;40.46
13.07.2020;40.41;40.69;39.49;39.56
14.07.2020;39.61;40.53;39.05;40.41
15.07.2020;40.56;41.24;40.05;40.98
16.07.2020;41.02;41.16;40.48;40.69
17.07.2020;40.86;41.03;40.15;40.74
20.07.2020;40.68;41;39.94;40.8
21.07.2020;40.75;42.48;40.71;41.52
22.07.2020;41.43;41.99;41.11;41.88
23.07.2020;41.89;42.34;40.8;41.03
24.07.2020;41.15;41.64;40.62;41.18
27.07.2020;41.23;41.8;40.45;41.61
28.07.2020;41.6;41.91;40.82;41.07
29.07.2020;41.1;41.55;40.89;41.28
30.07.2020;41.29;41.37;38.72;40.32
31.07.2020;40.5;40.52;39.62;40.36
03.08.2020;40.21;41.22;39.55;40.74
04.08.2020;40.72;42.05;40.11;41.51
05.08.2020;41.52;43.49;41.44;42.19
06.08.2020;42.24;42.63;41.58;41.94
07.08.2020;41.96;42.2;41.03;41.5
10.08.2020;41.53;42.3;41.49;41.95
11.08.2020;41.97;42.91;41.45;41.59
12.08.2020;41.68;42.88;41.51;42.52
13.08.2020;42.53;42.82;42.05;42.32
14.08.2020;42.59;42.81;41.9;42.4
17.08.2020;42.52;43.23;42.06;43.07
18.08.2020;43.06;43.26;42.37;42.72
19.08.2020;42.77;43.2;42.52;42.95
20.08.2020;42.9;42.96;41.62;42.73
21.08.2020;42.76;42.94;41.43;42.23
24.08.2020;42.62;42.87;42.2;42.36
25.08.2020;42.41;43.55;42.38;43.36
26.08.2020;43.4;43.75;42.97;43.39
27.08.2020;43.43;43.43;42.33;43
28.08.2020;42.94;43.4;42.66;42.95
31.08.2020;42.95;43.55;42.52;42.78
01.09.2020;42.86;43.41;42.69;42.97
02.09.2020;42.96;43.19;41.19;41.54
03.09.2020;41.6;41.77;40.19;41.26
04.09.2020;41.2;41.85;39.32;39.49
07.09.2020;39.17;39.53;38.53;39.04
08.09.2020;39.14;39.31;36.09;36.83
09.09.2020;36.59;38.43;36.13;37.77
10.09.2020;37.8;38.16;36.92;36.97
11.09.2020;37.15;37.8;36.64;37.47
14.09.2020;37.15;37.66;36.79;37.22
15.09.2020;37.3;38.55;37.02;38.36
16.09.2020;38.6;40.32;38.33;40.16
17.09.2020;40.09;41.2;39.39;40.96
18.09.2020;41.15;41.7;40.5;41.05
21.09.2020;40.8;41.47;38.85;39.79
22.09.2020;39.97;40.24;39.16;39.74
23.09.2020;39.69;40.71;39.22;39.58
24.09.2020;39.57;40.35;39.09;40.15
25.09.2020;40.21;40.61;39.68;40.07
28.09.2020;40.15;40.78;39.74;40.57
29.09.2020;40.59;40.67;38.38;39.09
30.09.2020;39.15;40.34;38.65;39.84
01.10.2020;39.96;40.44;37.58;38.57
02.10.2020;38.59;38.6;36.6;36.97
05.10.2020;37.12;39.68;37.08;39.32
06.10.2020;39.4;40.83;39.07;39.82
07.10.2020;39.68;40.33;39.21;40
08.10.2020;40.05;41.31;39.72;41.25
09.10.2020;41.37;41.44;40.35;40.48
12.10.2020;40.34;40.44;39.01;39.47
13.10.2020;39.55;40.51;39.33;40.16
14.10.2020;40.13;41.14;39.79;41.11
15.10.2020;41.2;41.28;39.2;40.91
16.10.2020;41.13;41.27;40.31;40.97
19.10.2020;41.06;41.42;40.74;40.9
20.10.2020;40.85;41.86;40.43;41.2
21.10.2020;41.31;41.57;39.76;39.97
22.10.2020;39.98;40.99;39.68;40.6
23.10.2020;40.63;40.9;39.54;39.74
25.10.2020;39.46;39.49;38.83;38.93
26.10.2020;38.96;39.34;38.25;38.74
27.10.2020;38.73;39.81;38.48;38.68
28.10.2020;38.7;38.96;36.94;37.5
29.10.2020;37.52;37.74;34.89;36.08
30.10.2020;36.07;36.56;35.17;35.73
02.11.2020;34.67;37.12;33.62;37.07
03.11.2020;36.96;38.3;36.54;38.07
04.11.2020;38.22;39.22;37.22;39.11
05.11.2020;39.04;39.34;38.25;38.51
06.11.2020;38.53;38.57;37.03;37.39
09.11.2020;37.24;41.31;37.19;39.8
10.11.2020;39.86;41.82;39.39;41.77
11.11.2020;42.02;43.03;41.28;41.4
12.11.2020;41.63;42.17;40.84;40.92
13.11.2020;41.13;41.15;40.33;40.42
16.11.2020;40.51;42.33;40.51;41.67
17.11.2020;41.65;41.91;40.77;41.58
18.11.2020;41.53;42.66;41.27;41.78
19.11.2020;41.83;42.13;41.23;41.88
20.11.2020;41.67;42.52;41.59;42.37
23.11.2020;42.41;43.33;42.26;42.84
24.11.2020;42.94;45.18;42.89;44.85
25.11.2020;44.78;46.22;44.7;45.83
26.11.2020;45.81;46.07;44.71;44.96
27.11.2020;44.88;45.67;44.52;45.51
30.11.2020;45.06;45.79;44.39;45.03
01.12.2020;45.1;45.68;44.09;44.32
02.12.2020;44.25;45.89;43.88;44.92
03.12.2020;45.02;45.82;44.63;45.61
04.12.2020;45.63;46.66;45.61;46.03
07.12.2020;46.18;46.52;45.32;45.6
08.12.2020;45.69;45.9;45.11;45.59
09.12.2020;45.49;46.22;44.93;45.66
10.12.2020;45.63;47.71;45.5;46.94
11.12.2020;47.13;47.43;46.49;46.73
14.12.2020;46.88;47.56;45.86;47.18
15.12.2020;47.07;47.87;46.68;47.72
16.12.2020;47.72;48.09;47.31;48.06
17.12.2020;48.01;48.78;47.97;48.54
18.12.2020;48.49;49.4;48.24;49.14
21.12.2020;48.66;48.7;46.21;47.82
22.12.2020;47.95;47.95;46.57;46.78
23.12.2020;46.72;48.47;46.12;48.05
24.12.2020;48.08;48.6;47.53;48.18
28.12.2020;47.59;48.95;47.47;47.66
29.12.2020;47.75;48.32;47.69;48.07
30.12.2020;48.16;48.63;47.58;48.28
31.12.2020;48.28;48.55;47.74;48.39
04.01.2021;48.2;49.81;47.14;47.34
05.01.2021;47.26;50.18;47.23;49.8
06.01.2021;49.71;50.92;49.47;50.49
07.01.2021;50.45;51.26;50.36;50.92
08.01.2021;50.9;52.56;50.78;52.47
11.01.2021;52.55;52.59;51.47;52.17
12.01.2021;52.09;53.41;52.04;53.25
13.01.2021;53.28;53.91;52.55;52.83
14.01.2021;52.9;53.76;52.27;53.74
15.01.2021;53.74;53.85;51.86;52.16
18.01.2021;52.23;52.58;51.79;52.09
19.01.2021;52.2;53.16;52.18;52.98
20.01.2021;53.1;53.8;52.8;52.92
21.01.2021;52.89;53.38;52.71;52.99
22.01.2021;53.08;53.14;51.4;52.09
25.01.2021;52.25;52.92;51.78;52.84
26.01.2021;52.93;53.22;52.27;52.72
27.01.2021;52.84;53.28;51.81;52.62
28.01.2021;52.55;53.54;52.02;52.08
29.01.2021;52.12;53.23;51.9;52.19
01.02.2021;51.67;53.71;51.67;53.53
02.02.2021;53.53;55.24;53.42;55.01
03.02.2021;54.98;56.29;54.77;55.93
04.02.2021;55.93;56.57;55.26;56.44
05.02.2021;56.52;57.26;56.45;56.93
08.02.2021;57.1;58.13;57.09;58.08
09.02.2021;58.02;58.6;57.24;58.38
10.02.2021;58.36;58.88;58.05;58.38
11.02.2021;58.43;58.69;57.8;57.89
12.02.2021;57.81;59.7;57.27;59.5
15.02.2021;60.18;60.76;59.86;60.04
16.02.2021;60.12;60.28;59.31;60.16
17.02.2021;60.17;61.72;59.52;61.72
18.02.2021;61.61;62.26;59.77;60.26
19.02.2021;59.94;60.29;58.56;58.99
22.02.2021;59.58;62.18;59.3;62.17
23.02.2021;61.82;62.98;60.64;61.17
24.02.2021;61.33;63.48;60.93;63.45
25.02.2021;63.37;63.79;62.62;63.44
26.02.2021;63.24;63.56;61.31;61.53
01.03.2021;62.08;62.9;59.95;60.19
02.03.2021;60.19;61.19;59.34;59.43
03.03.2021;59.56;61.98;59.21;61.02
04.03.2021;61.07;64.84;60.49;64
05.03.2021;64.07;66.38;63.79;66.24
08.03.2021;67.45;67.96;64.54;64.67
09.03.2021;64.86;65.95;63.62;63.81
10.03.2021;63.97;64.94;63.11;64.69
11.03.2021;64.74;66.19;64.51;65.88
12.03.2021;65.91;66.21;65.38;65.56
14.03.2021;65.76;65.91;65.69;65.89
15.03.2021;65.88;66.38;64.1;65.3
16.03.2021;65.28;65.41;63.77;64.95
17.03.2021;65.05;65.38;63.61;64.59
18.03.2021;64.58;64.86;58.3;59.55
19.03.2021;59.56;61.78;58.98;61.47
21.03.2021;60.97;61.22;60.94;61.05
22.03.2021;61.03;62.02;60.32;61.15
23.03.2021;61.17;61.3;57.23;57.54
24.03.2021;57.52;61.31;57.39;60.69
25.03.2021;60.68;60.82;57.41;58.65
26.03.2021;58.64;61.34;58.61;60.7
29.03.2021;60.57;61.74;59.39;61.59
30.03.2021;61.77;62.24;59.93;60.37
31.03.2021;60.43;61.15;58.83;59.42
01.04.2021;59.48;61.73;58.86;61.27
05.04.2021;61.17;61.39;57.59;58.76
06.04.2021;58.98;60.87;58.6;59.17
07.04.2021;59.26;60.02;58.08;59.53
08.04.2021;59.48;59.91;58.8;59.75
09.04.2021;59.76;59.93;59.08;59.31
12.04.2021;59.35;60.75;58.7;59.6
13.04.2021;59.67;60.57;59.62;60.41
14.04.2021;60.5;63.42;60.34;62.72
15.04.2021;62.79;63.55;62.51;63.3
16.04.2021;63.39;63.92;62.85;63.15
19.04.2021;63.07;63.67;62.64;63.5
20.04.2021;63.51;64.36;61.46;62.39
21.04.2021;62.45;62.54;60.84;61.05
22.04.2021;61.19;61.84;60.58;61.62
23.04.2021;61.72;62.41;61.22;62.13
26.04.2021;62.14;62.29;60.64;61.94
27.04.2021;61.91;63.28;61.88;62.99
28.04.2021;63.03;64.5;62.64;63.65
29.04.2021;63.65;65.45;63.62;64.86
30.04.2021;64.78;64.93;63.05;63.47
03.05.2021;63.65;64.66;62.9;64.47
04.05.2021;64.58;66.17;64.26;66.09
05.05.2021;66.24;66.74;64.89;65.29
06.05.2021;65.28;65.95;64.48;64.82
07.05.2021;64.89;65.22;63.88;64.82
10.05.2021;65.32;65.71;63.91;64.85
11.05.2021;64.9;65.46;63.66;65.39
12.05.2021;65.44;66.59;64.93;65.67
13.05.2021;65.69;65.77;63.05;63.76
14.05.2021;63.8;65.39;63.32;65.3
17.05.2021;65.46;66.39;64.8;66.36
18.05.2021;66.31;66.98;64.1;65.21
19.05.2021;65.3;65.32;61.92;63.31
20.05.2021;63.41;63.91;61.64;61.77
21.05.2021;61.9;64.03;61.51;63.81
24.05.2021;63.67;66.1;63.59;66.01
25.05.2021;65.94;66.48;65.36;65.98
26.05.2021;65.97;66.4;65.21;66.1
27.05.2021;66.11;66.89;65.43;66.83
28.05.2021;67.02;67.48;66.13;66.58
31.05.2021;66.71;67.37;66.36;66.86
01.06.2021;67;68.84;66.85;67.98
02.06.2021;67.91;68.97;67.74;68.72
03.06.2021;68.72;69.37;68.14;68.9
04.06.2021;68.88;69.73;68.29;69.36
07.06.2021;69.52;69.97;68.89;69.2
08.06.2021;69.27;70.25;68.43;70.01
09.06.2021;69.97;70.6;69.42;69.73
10.06.2021;69.71;70.62;68.65;70.06
11.06.2021;70.1;71.21;69.63;70.79
14.06.2021;70.87;71.75;70.68;71.16
15.06.2021;71.08;72.45;70.77;72.45
16.06.2021;72.08;72.71;71.37;71.43
17.06.2021;71.38;72.07;69.5;70.72
18.06.2021;70.8;71.79;69.83;71.26
21.06.2021;71.24;73.24;70.74;73.04
22.06.2021;72.89;73.44;72.43;73.05
23.06.2021;72.86;74.21;72.77;73.22
24.06.2021;73.26;73.57;72.28;73.29
25.06.2021;73.26;74.14;72.81;73.94
28.06.2021;73.99;74.42;72.58;72.73
29.06.2021;72.66;73.77;71.94;73.43
30.06.2021;73.36;74.11;72.77;73.44
01.07.2021;73.54;76.18;73.34;74.95
02.07.2021;74.98;75.57;74.37;75.17
05.07.2021;75;76.36;74.71;76.32
06.07.2021;76.29;76.95;72.9;73.77
07.07.2021;73.77;74.83;71.04;72.08
08.07.2021;72.25;73.23;70.74;73.2
09.07.2021;73.25;74.72;72.68;74.59
12.07.2021;74.79;74.9;73.12;74.13
13.07.2021;74.1;75.47;73.64;75.2
14.07.2021;75.09;75.41;72.22;72.88
15.07.2021;72.92;72.93;71.38;71.44
16.07.2021;71.14;72;70.12;71.32
19.07.2021;71.06;71.38;65.53;66.48
20.07.2021;66.56;67.57;64.97;66.4
21.07.2021;66.55;70.48;66.46;70.2
22.07.2021;70.26;71.99;69.82;71.68
23.07.2021;71.68;72.09;71.36;71.97
26.07.2021;72.22;72.4;70.53;72.16
27.07.2021;72.09;72.3;71.03;71.88
28.07.2021;71.85;72.56;71.66;72.36
29.07.2021;72.41;73.65;72.22;73.36
30.07.2021;73.44;74.21;72.89;73.71
02.08.2021;73.76;73.89;70.52;71.47
03.08.2021;71.48;71.92;69.16;70.17
04.08.2021;70.39;70.77;67.81;67.99
05.08.2021;68.06;69.32;67.56;69.06
06.08.2021;69.11;70.15;67.76;68.1
09.08.2021;67.31;67.5;65.1;66.78
10.08.2021;66.96;68.85;66.53;68.46
11.08.2021;68.44;69.4;66.62;69.35
12.08.2021;69.29;69.6;68.42;68.88
13.08.2021;68.89;69.18;67.73;67.91
16.08.2021;68.08;68.23;65.7;67.42
17.08.2021;67.44;67.68;66.3;66.55
18.08.2021;66.43;67.21;64.13;64.22
19.08.2021;64.27;64.53;62.37;63.67
20.08.2021;63.76;64;61.87;61.9
23.08.2021;62.24;65.95;62.08;65.52
24.08.2021;65.45;67.77;65.37;67.61
25.08.2021;67.59;68.51;66.88;67.95
26.08.2021;68.02;68.26;66.98;67.75
27.08.2021;67.75;69.02;67.48;68.72
30.08.2021;69.12;69.52;67.63;69.08
31.08.2021;69.07;69.31;68.15;68.47
01.09.2021;68.55;69.21;67.08;68.21
02.09.2021;68.21;70.57;67.81;69.74
03.09.2021;69.77;70.49;69.06;69.23
06.09.2021;69.16;69.45;68.21;68.87
07.09.2021;68.84;69.38;67.6;68.37
08.09.2021;68.3;69.72;68.28;69.38
09.09.2021;69.36;69.86;67.53;67.89
10.09.2021;67.89;69.92;67.65;69.57
13.09.2021;69.58;70.94;69.56;70.61
14.09.2021;70.58;71.18;69.95;70.74
15.09.2021;70.67;73.11;70.61;72.59
16.09.2021;72.29;72.69;71.26;72.32
17.09.2021;72.33;72.47;70.99;71.82
20.09.2021;71.74;71.74;69.67;70.38
21.09.2021;70.36;71.44;69.35;70.79
22.09.2021;70.77;72.26;70.6;71.96
23.09.2021;71.94;73.47;71.58;73.19
24.09.2021;73.17;74.24;72.77;73.98
27.09.2021;74.29;75.71;74.13;75.38
28.09.2021;75.4;76.64;74.21;74.31
29.09.2021;74.37;75.75;73.69;74.71
30.09.2021;74.79;76.04;73.1;75.08
01.10.2021;75.11;75.96;74.18;75.67
04.10.2021;75.91;78.34;75.28;77.59
05.10.2021;77.57;79.44;77.42;79.02
06.10.2021;79.07;79.74;76.79;76.89
07.10.2021;76.97;78.85;74.93;78.83
08.10.2021;78.83;80.08;78.59;79.49
11.10.2021;79.85;82.15;79.59;80.46
12.10.2021;80.39;81.59;79.43;80.51
13.10.2021;80.52;81.01;79.38;80.57
14.10.2021;79.95;81.11;79.75;80.87
15.10.2021;80.88;81.94;80.83;81.64
18.10.2021;82.34;83.16;81.17;81.51
19.10.2021;81.63;82.95;81.03;82.44
20.10.2021;82.42;83.62;80.74;83.54
21.10.2021;83.61;83.93;80.75;82.61
22.10.2021;82.45;84.05;81.72;84.02
25.10.2021;83.85;85.39;83.34;83.68
26.10.2021;83.65;84.84;82.93;84.43
27.10.2021;84.31;84.47;81.97;82.04
28.10.2021;82.24;83.19;80.56;83
29.10.2021;82.96;83.71;81.37;83.21
31.10.2021;83.07;83.21;82.87;82.98
01.11.2021;82.95;84.85;82.7;83.89
02.11.2021;83.88;84.38;82.52;82.84
03.11.2021;82.83;82.95;79.66;80.2
04.11.2021;80.21;83.38;78.22;79.61
05.11.2021;79.62;81.77;78.92;81.16
08.11.2021;81.52;82.64;81.28;82.18
09.11.2021;82.09;84.6;81.73;84.52
10.11.2021;84.76;84.93;80.77;81.24
11.11.2021;81.48;82.29;80.16;81.14
12.11.2021;81.21;81.58;79.75;80.78
15.11.2021;80.91;81.17;79.26;80.9
16.11.2021;80.93;81.78;79.99;80.54
17.11.2021;79.65;79.67;76.9;77.42
18.11.2021;77.57;78.77;76.41;78.25
19.11.2021;78.23;79.3;75.06;75.59
22.11.2021;75.19;77.13;74.97;76.44
23.11.2021;76.31;78.84;75.26;78.48
24.11.2021;78.39;79.19;77.95;78.3
25.11.2021;78.32;78.62;77.72;78
26.11.2021;78.07;78.09;67.36;68.14
29.11.2021;70.72;72.89;68.82;70.02
30.11.2021;70.48;71.17;64.4;66.92
01.12.2021;67.11;69.46;64.81;65.65
02.12.2021;66.71;67.45;62.41;67.33
03.12.2021;67.6;69.18;65.57;66.22
06.12.2021;67.29;70.12;67.25;69.97
07.12.2021;69.77;73.01;69.62;71.71
08.12.2021;71.77;72.97;70.88;72.63
09.12.2021;72.57;73.29;70.34;70.56
10.12.2021;70.53;72.31;70.28;71.95
13.12.2021;72.12;72.97;70.68;71.1
14.12.2021;71.25;71.99;69.47;70.25
15.12.2021;70.18;71.64;69.36;71.43
16.12.2021;71.61;72.96;71;71.94
17.12.2021;71.68;72.02;69.7;70.35
20.12.2021;69.18;69.51;66.09;69.19
21.12.2021;69.11;71.52;68.52;71.26
22.12.2021;71.26;73.08;70.82;73
23.12.2021;72.98;73.93;72.24;73.68
27.12.2021;73.12;76.05;72.53;75.91
28.12.2021;75.8;76.9;75.49;75.98
29.12.2021;75.95;77.34;75.33;76.54
30.12.2021;76.43;77.41;75.73;76.44
31.12.2021;76.45;77.05;74.93;75.39
03.01.2022;75.63;76.41;74.25;75.97
04.01.2022;75.93;77.61;75.66;77.14
05.01.2022;77.09;78.54;76.48;77.14
06.01.2022;77;80.22;76.7;79.61
07.01.2022;79.6;80.44;78.49;79.04
10.01.2022;78.83;79.43;77.8;78.41
11.01.2022;78.44;81.56;78.33;81.28
12.01.2022;81.22;83.07;81.13;82.71
13.01.2022;82.82;82.91;81.35;81.65
14.01.2022;81.18;83.7;81.05;83.58
17.01.2022;83.75;84.06;82.9;83.69
18.01.2022;83.57;85.94;83.53;85.84
19.01.2022;85.8;86.76;84.95;84.99
20.01.2022;85.06;87.06;84.16;84.45
21.01.2022;84.63;85.53;82.74;84.8
24.01.2022;84.81;86.06;81.87;84.05
25.01.2022;84.03;85.68;82.95;85.13
26.01.2022;85.14;87.92;84.96;87.12
27.01.2022;87.14;88.51;86.16;87.26
28.01.2022;87.35;88.8;86.4;87.11
31.01.2022;87.62;88.37;86.3;88.12
01.02.2022;88.15;88.84;86.53;88.3
02.02.2022;88.28;89.7;87.06;87.96
03.02.2022;87.84;90.42;86.71;90.14
04.02.2022;90.18;93.14;90.04;92.11
07.02.2022;91.65;92.7;90.69;91.6
08.02.2022;91.47;91.61;88.46;89.72
09.02.2022;89.72;90.55;88.37;89.96
10.02.2022;89.94;91.72;89;90.03
11.02.2022;90.01;94.63;89.15;93.74
14.02.2022;93.76;95.78;92.07;94.76
15.02.2022;94.64;95.14;90.63;92.07
16.02.2022;90.51;93.04;88.17;88.85
17.02.2022;88.97;91.47;88.92;89.96
18.02.2022;89.87;91.03;87.42;90.34
21.02.2022;91.59;92.91;89.03;92.77
22.02.2022;93.23;94.9;91.01;91.58
23.02.2022;91.71;93.85;90.61;92.2
24.02.2022;92.67;100.5;91.41;92.97
25.02.2022;93.72;95.6;90.04;92.31
28.02.2022;98.78;99;94.4;95.79
01.03.2022;95.83;106.74;95.28;106.32
02.03.2022;106.67;112.44;105.14;111.34
03.03.2022;110.68;116.5;106.46;108.01
04.03.2022;108.53;115.98;107.22;115.41
07.03.2022;126.21;127.53;115.5;120.31
08.03.2022;120.75;129.41;117.1;124.74
09.03.2022;125.46;126.79;103.54;109.57
10.03.2022;109.35;114.84;105.49;105.81
11.03.2022;106.53;110.25;104.45;109.26
13.03.2022;108.62;109.03;106.49;107.39
14.03.2022;107.4;107.85;99.75;102.29
15.03.2022;102.28;102.29;93.48;95.1
16.03.2022;94.08;97.89;92.61;94.58
17.03.2022;94.54;102.65;93.61;101.92
18.03.2022;101.94;104.6;100.91;103.38
20.03.2022;103.56;104.41;103.43;104.29
21.03.2022;104.32;111.01;104.28;110.64
22.03.2022;110.66;113.31;107.05;109.27
23.03.2022;109.29;115.36;108.33;114.55
24.03.2022;114.56;116.6;110.59;111.52
25.03.2022;111.53;114.07;108.61;112.53
28.03.2022;111.33;111.82;102.81;103.42
29.03.2022;103.81;107.79;98.52;105.14
30.03.2022;104.87;108.71;104.52;107.43
31.03.2022;107.5;107.75;99.62;101.15
01.04.2022;101.05;101.46;97.73;99.48
04.04.2022;98.57;103.89;98.02;103.64
05.04.2022;103.61;105.56;99.83;101.33
06.04.2022;101.28;103.97;95.68;96.93
07.04.2022;97.58;98.76;93.75;97.08
08.04.2022;97.06;98.71;95.24;97.88
11.04.2022;98.13;98.29;92.88;95.11
12.04.2022;95.21;101.28;94.8;100.93
13.04.2022;100.5;103.95;99.45;103.61
14.04.2022;103.47;106.96;101.65;105.88
18.04.2022;107.26;109.14;105.39;106.93
19.04.2022;106.79;108.29;101.48;102.37
20.04.2022;102.45;103.92;99.83;102.39
21.04.2022;102.32;105.38;101.97;103.99
22.04.2022;103.98;104.15;101.18;101.62
25.04.2022;101.13;101.19;95.24;98.6
26.04.2022;98.56;102.73;97.01;101.66
27.04.2022;101.79;102.95;99.76;102
28.04.2022;101.71;105.63;100.08;105.11
29.04.2022;104.94;107.94;103.72;104.16
02.05.2022;104.16;105.86;100.23;105.03
03.05.2022;105.09;105.76;102.06;103.44
04.05.2022;103.68;108.55;102.9;107.48
05.05.2022;107.55;111.31;106.42;108.56
06.05.2022;108.65;111.12;107.19;110.51
09.05.2022;109.42;110.38;102.09;102.33
10.05.2022;102.89;104.1;98.85;99.34
11.05.2022;99.2;106.37;98.17;105.53
12.05.2022;105.5;107.31;102.62;106.58
13.05.2022;104.92;108.71;104.58;108.41
16.05.2022;109.13;112.43;106.22;111.53
17.05.2022;111.4;113.15;108.92;110.66
18.05.2022;110.89;112.36;106.04;106.82
19.05.2022;106.94;110.13;103.21;109.22
20.05.2022;109.01;111;108.09;110.62
23.05.2022;110.28;111.87;109.11;110.54
24.05.2022;109.95;111.4;108.56;110.22
25.05.2022;110.18;111.62;109.19;110.69
26.05.2022;110.81;114.78;110.22;114.24
27.05.2022;114.07;115.26;112.82;115.12
30.05.2022;115.25;117.29;115.18;117.11
31.05.2022;117.1;119.95;114.11;115.23
01.06.2022;115.25;117.83;114.54;114.79
02.06.2022;114.8;117.72;111.18;117.5
03.06.2022;117.51;120.42;115.21;120.34
06.06.2022;120.56;120.87;117.59;119.38
07.06.2022;119.01;120.31;117.11;119.72
08.06.2022;119.61;123.12;119.26;122.39
09.06.2022;122.41;122.69;120.75;121.4
10.06.2022;121.27;122.71;118.29;120.46
13.06.2022;119.24;122.21;117.43;120.96
14.06.2022;120.66;123.64;116.61;118.99
15.06.2022;116.53;116.9;112.34;113.51
16.06.2022;113.52;115.67;110.39;114.59
17.06.2022;115.08;116.54;106.37;108.62
20.06.2022;108.84;109.32;106.78;108.75
21.06.2022;108.92;111.12;108.74;109.61
22.06.2022;109.68;109.68;101.49;104.28
23.06.2022;104.49;106.99;102.28;103.97
24.06.2022;103.97;108.54;103.59;107.44
27.06.2022;106.3;110.49;105.56;109.81
28.06.2022;109.95;112.18;109.59;111.83
29.06.2022;111.79;113.98;109.18;109.63
30.06.2022;109.58;110.42;105.06;105.95
01.07.2022;106;109.29;104.51;108.25
04.07.2022;108.3;110.73;107.2;110.48
05.07.2022;110.53;111.41;97.39;99.53
06.07.2022;100.65;102.12;95.1;98.07
07.07.2022;98.35;104.45;96.53;102.14
08.07.2022;102.48;105.2;101.47;104.64
11.07.2022;103.93;105.01;100.86;103.41
12.07.2022;103.13;103.35;95.32;95.55
13.07.2022;95.84;97.93;93.48;96.38
14.07.2022;93.8;94.46;88.19;93.52
15.07.2022;93.36;96.01;91.6;94.53
18.07.2022;94.71;99.58;92.84;98.85
19.07.2022;98.66;100.95;96.48;100.36
20.07.2022;100.13;100.69;98.13;99.77
21.07.2022;99.75;99.8;94.56;96.53
22.07.2022;96.53;97.92;94.19;94.6
25.07.2022;95.03;96.9;92.99;96.43
26.07.2022;96.33;98.97;94.76;95.43
27.07.2022;95.64;98.52;94.27;98.07
28.07.2022;98.13;99.8;96.01;97.27
29.07.2022;97.36;101.85;96.37;98.07
01.08.2022;97.84;98.38;92.39;94.04
02.08.2022;93.95;96.4;92.56;93.76
03.08.2022;93.73;96.53;90.35;90.88
04.08.2022;91.02;91.86;87.54;87.75
05.08.2022;88.05;90.73;86.98;88.36
08.08.2022;88.13;90.85;87.21;90.48
09.08.2022;90.58;92.6;89.01;90.5
10.08.2022;90.44;92.39;87.63;91.55
11.08.2022;91.49;95.02;91.2;93.97
12.08.2022;94.01;94.78;91.13;91.94
15.08.2022;91.88;91.97;86.8;87.83
16.08.2022;88.44;90.59;85.7;87.08
17.08.2022;86.66;88.61;85.44;86.84
18.08.2022;86.91;91;86.88;89.94
19.08.2022;90.05;91.65;87.91;89.75
22.08.2022;89.35;91;86.25;90.57
23.08.2022;90.58;94.17;90.49;93.73
24.08.2022;93.7;95.35;92.76;95.32
25.08.2022;95.26;95.71;92.24;93
26.08.2022;92.95;93.99;91.05;92.9
29.08.2022;92.44;97.33;92.26;96.9
30.08.2022;96.86;97.62;90.51;92.23
31.08.2022;92.54;92.7;88.22;88.8
01.09.2022;88.8;89.6;85.95;86.34
02.09.2022;86.6;89.59;86.31;86.81
05.09.2022;87.52;90.35;87.41;88.81
06.09.2022;89.09;89.44;86.14;86.9
07.09.2022;86.85;87.71;81.46;81.63
08.09.2022;81.9;84.22;81.15;82.71
09.09.2022;82.75;87.17;82.71;86.29
12.09.2022;86.28;89.04;85.12;88.02
13.09.2022;87.92;89.26;85.03;87.59
14.09.2022;87.18;89.59;85.7;88.44
15.09.2022;88.45;88.67;84.05;84.62
16.09.2022;84.31;86.14;83.82;84.96
19.09.2022;85.1;85.85;81.7;84.99
20.09.2022;85.01;86.09;82.97;84.26
21.09.2022;84.03;86.63;82.46;83.01
22.09.2022;82.99;85.96;82.37;83.46
23.09.2022;83.5;83.89;78.07;78.99
26.09.2022;79.09;80.28;76.21;76.27
27.09.2022;76.64;79.44;76.37;77.92
28.09.2022;78.05;82.3;76.51;81.87
29.09.2022;81.79;82.91;80.29;81.59
30.09.2022;81.61;82.53;79.1;79.65
03.10.2022;81.72;84.53;81.3;83.29
04.10.2022;83.28;86.94;83.2;86.34
05.10.2022;86.37;88.39;85.38;88.02
06.10.2022;87.91;89.02;87.01;88.9
07.10.2022;88.99;93.24;87.96;92.44
10.10.2022;93.08;93.6;90.5;90.79
11.10.2022;90.81;91.31;87.88;88.56
12.10.2022;88.44;90.04;86.25;87.07
13.10.2022;87.04;89.62;85.53;89.18
14.10.2022;87.93;88.49;84.2;84.63
17.10.2022;84.74;86.15;83.67;84.68
18.10.2022;84.97;85.49;81.28;82.79
19.10.2022;82.59;84.99;81.69;84.74
20.10.2022;84.78;87.1;84.12;84.98
21.10.2022;85.03;85.86;83.11;85.13
24.10.2022;85.11;85.85;82.62;84.84
25.10.2022;84.76;85.99;83.02;84.9
26.10.2022;84.9;88.36;84.13;88.25
27.10.2022;88.16;89.76;87.3;88.56
28.10.2022;88.59;88.71;87.04;88.11
30.10.2022;88.39;88.46;88.23;88.29
31.10.2022;88.3;88.51;85.26;86.08
01.11.2022;86.09;89.4;85.87;88.68
02.11.2022;88.64;90.3;87.71;89.17
03.11.2022;89.18;89.64;87.57;87.9
04.11.2022;87.9;92.82;87.8;92.53
07.11.2022;90.64;93.71;90.56;91.84
08.11.2022;91.95;92.14;88.5;88.66
09.11.2022;88.5;89.17;85.46;85.61
10.11.2022;85.72;87.28;84.68;86.19
11.11.2022;86.28;90.06;86.21;88.92
14.11.2022;88.9;89.81;85.11;85.18
15.11.2022;85.27;88.64;84.02;86.8
16.11.2022;86.48;86.86;83.63;84.71
17.11.2022;84.66;84.83;81.15;81.82
18.11.2022;81.78;82.4;77.55;80.18
21.11.2022;80.37;80.45;75.24;80.23
22.11.2022;80.2;82.33;79.8;81.09
23.11.2022;81.08;81.92;76.79;77.43
24.11.2022;77.5;78.17;76.85;77.93
25.11.2022;77.85;79.87;76.18;76.52
28.11.2022;76.06;77.81;73.56;76.51
29.11.2022;76.66;79.6;76.25;78.88
30.11.2022;78.78;81.32;78.36;80.47
01.12.2022;80.47;83.31;79.9;81.38
02.12.2022;81.39;82.18;79.62;80.1
05.12.2022;79.98;82.68;76.73;77.34
06.12.2022;77.4;77.85;73.38;74.43
07.12.2022;74.56;75.34;71.71;72.36
08.12.2022;72.36;75.39;71.08;71.76
09.12.2022;72.05;72.87;70.05;71.4
12.12.2022;71.69;73.95;70.2;73.29
13.12.2022;73.38;76.33;73.17;75.19
14.12.2022;75.27;77.74;74.91;77.37
15.12.2022;77.35;77.79;75.38;76.34
16.12.2022;76.31;76.55;73.37;74.46
19.12.2022;74.59;76.59;73.99;75.81
20.12.2022;75.79;76.9;74.43;75.99
21.12.2022;76.1;78.58;75.76;78.37
22.12.2022;78.36;79.84;76.98;78.21
23.12.2022;78.22;80.29;77.94;79.63
27.12.2022;80.32;81.15;79.12;79.81
28.12.2022;79.76;79.85;77.26;78.84
29.12.2022;78.7;78.8;76.76;78.67
30.12.2022;78.6;80.54;77.69;80.34
03.01.2023;80.38;81.46;76.57;77.17
04.01.2023;76.98;77.35;72.69;73.17
05.01.2023;73.36;74.89;72.41;73.89
06.01.2023;73.89;75.43;73.2;73.63
09.01.2023;74.07;76.71;73.9;74.83
10.01.2023;74.84;75.9;73.8;74.67
11.01.2023;74.53;77.78;74.26;77.7
12.01.2023;77.65;79.13;77.06;78.24
13.01.2023;78.26;79.99;77.93;79.93
16.01.2023;80.02;80.02;78.49;78.82
17.01.2023;78.82;81.2;78.64;81.02
18.01.2023;80.84;82.36;78.88;79.12
19.01.2023;79.37;81.46;78.42;80.8
20.01.2023;80.81;81.88;79.87;81.79
23.01.2023;81.6;82.6;81.01;81.58
24.01.2023;81.63;82.19;79.62;80.23
25.01.2023;80.25;81.19;79.4;80.4
26.01.2023;80.37;82.1;79.89;81.07
27.01.2023;81.09;82.45;79;79.37
30.01.2023;79.97;80.46;77.62;77.79
31.01.2023;77.84;79.22;76.51;78.99
01.02.2023;78.99;79.69;76.01;76.66
02.02.2023;76.83;77.21;74.92;75.96
03.02.2023;75.88;77.96;73.09;73.19
06.02.2023;73.2;74.49;72.21;74.4
07.02.2023;74.51;77.57;74.31;77.54
08.02.2023;77.45;78.54;77.06;78.46
09.02.2023;78.41;78.81;76.49;77.63
10.02.2023;77.65;80.3;77.42;79.76
13.02.2023;79.87;80.58;78.41;79.12
14.02.2023;79.03;79.59;77.42;78.82
15.02.2023;78.78;79.12;77.21;78.47
16.02.2023;78.5;79.51;77.88;78
17.02.2023;78.21;78.46;75.28;76.47
20.02.2023;76.6;77.71;76.27;77.35
21.02.2023;77.32;77.6;75.86;76.16
22.02.2023;76.07;76.51;73.77;73.85
23.02.2023;73.9;75.96;73.78;75.62
24.02.2023;75.56;76.6;74.05;76.55
27.02.2023;76.38;76.77;74.95;75.69
28.02.2023;75.72;77.8;75.5;76.8
01.03.2023;76.81;77.8;76.1;77.7
02.03.2023;77.75;78.57;77.18;77.84
03.03.2023;77.86;79.85;75.81;79.73
06.03.2023;79.82;80.6;78.28;80.46
07.03.2023;80.45;80.91;77.02;77.17
08.03.2023;77.31;77.7;76.07;76.44
09.03.2023;76.47;78.01;75.39;75.57
10.03.2023;75.6;77.08;74.73;76.46
12.03.2023;76.31;77.43;76.1;77.12
13.03.2023;77.14;77.21;72.26;74.65
14.03.2023;74.65;74.87;70.73;71.7
15.03.2023;71.67;72.52;65.66;68.19
16.03.2023;68.19;69.32;65.67;68.28
17.03.2023;68.46;69.8;65.38;66.48
19.03.2023;66.8;67.45;66.5;67.31
20.03.2023;67.3;67.85;64.32;67.67
21.03.2023;67.67;69.73;66.87;69.38
22.03.2023;69.4;71.28;68.85;70.02
23.03.2023;70.02;71.64;69.12;69.47
24.03.2023;69.44;70.34;66.79;69.21
27.03.2023;69.4;73.06;69.08;72.83
28.03.2023;72.82;73.9;72.16;73.54
29.03.2023;73.58;74.33;72.72;72.79
30.03.2023;72.94;74.6;72.57;74.34
31.03.2023;74.31;75.69;73.73;75.56
03.04.2023;80.14;81.65;78.96;80.41
04.04.2023;80.39;81.77;79.57;80.98
05.04.2023;80.96;81.21;79.68;80.29
06.04.2023;80.34;80.93;79.61;80.44
10.04.2023;80.47;81.18;79.57;79.87
11.04.2023;79.87;81.57;79.34;81.42
12.04.2023;81.37;83.5;81.24;83.23
13.04.2023;83.17;83.41;82.06;82.37
14.04.2023;82.36;83.1;81.72;82.59
17.04.2023;82.43;82.68;80.43;80.92
18.04.2023;80.98;81.45;79.83;80.83
19.04.2023;80.92;81.21;78.5;78.99
20.04.2023;79;79.03;76.93;77.1
21.04.2023;77.12;78.36;76.69;77.74
24.04.2023;77.89;79.14;76.68;78.64
25.04.2023;78.67;79.04;76.47;77.08
26.04.2023;77.06;77.89;74.01;74.31
27.04.2023;74.34;75.24;73.99;74.8
28.04.2023;74.87;76.89;73.89;76.66
01.05.2023;76.63;76.66;74.49;75.72
02.05.2023;75.71;76.08;71.38;71.54
03.05.2023;71.53;71.75;67.92;68.09
04.05.2023;68.12;69.79;63.61;68.58
05.05.2023;68.63;71.77;68.44;71.33
08.05.2023;71.32;73.66;71;72.78
09.05.2023;72.78;73.75;71.3;73.49
10.05.2023;73.49;73.86;71.76;72.76
11.05.2023;72.73;73.46;70.59;71.38
12.05.2023;71.4;71.73;69.9;70.08
15.05.2023;70;71.66;69.36;71.29
16.05.2023;71.27;71.76;70.41;70.51
17.05.2023;70.55;73.23;70;72.62
18.05.2023;72.7;72.84;71.4;71.91
19.05.2023;72.02;73.52;71.14;71.95
22.05.2023;71.84;72.49;70.63;72.07
23.05.2023;72.06;73.77;71.67;73.73
24.05.2023;73.72;74.7;73.09;74.2
25.05.2023;74.18;74.34;70.95;71.76
26.05.2023;71.84;73.01;71.44;72.73
29.05.2023;73.07;73.53;71.99;72.99
30.05.2023;72.96;73.34;68.98;69.51
31.05.2023;69.56;69.65;67;67.54
01.06.2023;67.59;71.02;67.47;70.14
02.06.2023;70.11;72.14;69.96;72
05.06.2023;75.02;75.02;71.69;71.87
06.06.2023;71.95;72.29;70.08;71.39
07.06.2023;71.52;73.16;70.97;72.43
08.06.2023;72.45;73.25;68.99;70.91
09.06.2023;70.92;71.74;70.06;70.23
12.06.2023;70.22;70.22;66.76;67.32
13.06.2023;67.28;69.79;67.11;69.25
14.06.2023;69.32;70.46;68.03;68.65
15.06.2023;68.67;70.94;67.93;70.55
16.06.2023;70.74;71.99;70.14;71.8
19.06.2023;71.63;72.24;70.78;71.44
20.06.2023;71.48;72.31;69.73;70.84
21.06.2023;70.86;72.67;70.76;72.32
22.06.2023;72.4;72.62;68.9;69.48
23.06.2023;69.46;69.57;67.31;69.26
26.06.2023;69.82;70.04;68.67;69.51
27.06.2023;69.45;70.12;67.45;67.99
28.06.2023;67.96;69.7;67.01;69.14
29.06.2023;69.18;70.57;68.89;69.74
30.06.2023;69.77;71.01;69.49;70.56
03.07.2023;70.41;71.73;69.66;70.1
04.07.2023;70.13;71.32;69.85;70.98
05.07.2023;70.98;72.14;70.3;71.8
06.07.2023;71.76;72.31;70.17;71.88
07.07.2023;71.85;73.89;71.15;73.62
10.07.2023;73.87;74.12;72.67;73.17
11.07.2023;73.12;74.93;72.93;74.8
12.07.2023;74.79;76.12;74.63;75.81
13.07.2023;75.83;77.31;75.28;77.17
14.07.2023;77.08;77.26;75.07;75.28
17.07.2023;74.99;76.05;73.8;74.1
18.07.2023;74.1;75.93;73.84;75.75
19.07.2023;75.7;76.84;74.98;75.34
20.07.2023;75.3;76.12;74.47;75.67
21.07.2023;75.75;77.26;75.67;76.9
24.07.2023;76.96;79.25;76.4;78.87
25.07.2023;78.82;79.87;78.24;79.28
26.07.2023;79.29;79.74;78.51;78.89
27.07.2023;78.85;80.57;78.82;79.77
28.07.2023;79.76;80.67;79.02;80.46
31.07.2023;80.62;81.97;80.08;81.73
01.08.2023;81.68;82.19;80.57;82.14
02.08.2023;82.02;82.4;79.01;79.71
03.08.2023;79.74;81.83;78.65;81.69
04.08.2023;81.7;83.2;81.47;82.62
07.08.2023;82.81;83.26;81.5;82.43
08.08.2023;82.47;83.03;79.88;82.8
09.08.2023;82.87;84.61;82.63;84.2
10.08.2023;84.2;84.86;82.56;82.84
11.08.2023;82.81;83.79;82.18;83.07
14.08.2023;83.06;83.18;81.74;82.45
15.08.2023;82.52;82.89;80.37;81.07
16.08.2023;81.2;81.41;79.02;79.26
17.08.2023;79.22;81.05;78.92;80.05
18.08.2023;79.57;80.94;78.99;80.6
21.08.2023;80.76;81.71;79.94;80.19
22.08.2023;80.23;80.35;79.43;79.63
23.08.2023;79.59;79.88;77.59;78.52
24.08.2023;78.56;79.25;77.56;78.84
25.08.2023;78.85;80.41;78.14;79.98
28.08.2023;80.1;80.84;79.58;79.97
29.08.2023;79.96;81.38;79.33;81.28
30.08.2023;81.27;82.03;80.85;81.67
31.08.2023;81.61;83.66;81.45;83.57
01.09.2023;83.61;85.93;83.43;85.89
04.09.2023;86.06;86.12;85.24;85.94
05.09.2023;85.93;88.03;84.99;86.71
06.09.2023;86.67;88.06;85.89;87.57
07.09.2023;87.53;87.73;86.36;86.75
08.09.2023;86.73;87.92;86.13;87.31
11.09.2023;87.29;88.12;86.68;87.3
12.09.2023;87.25;89.34;87.18;88.74
13.09.2023;88.73;89.6;88.26;88.83
14.09.2023;88.72;90.76;88.65;90.66
15.09.2023;90.07;90.54;88.62;90.29
18.09.2023;90.41;91.34;89.87;90.98
19.09.2023;90.94;92.4;90.28;90.67
20.09.2023;90.61;91.04;88.93;89.2
21.09.2023;89.28;90.96;88.34;89.57
22.09.2023;89.6;91.29;89.28;90.32
25.09.2023;90.52;90.81;89;89.87
26.09.2023;89.85;90.7;88.16;90.53
27.09.2023;90.51;94.15;90.39;93.68
28.09.2023;93.7;95.01;91.36;91.76
29.09.2023;91.76;93.07;90.33;90.86
02.10.2023;90.8;91.85;88.42;88.6
03.10.2023;88.61;90.25;87.73;89.43
04.10.2023;89.38;89.56;84.13;84.42
05.10.2023;84.38;84.9;82.12;82.54
06.10.2023;82.23;83.25;81.47;82.82
09.10.2023;85.36;87.21;84.67;86.36
10.10.2023;86.41;86.71;85.09;85.92
11.10.2023;85.94;86.5;83.09;83.27
12.10.2023;83.18;85.18;82.27;83.49
13.10.2023;83.5;87.81;83.32;87.67
16.10.2023;87.71;88.31;86.29;87.02
17.10.2023;87.03;87.73;85.57;87.7
18.10.2023;86.37;88.55;86.23;87.13
19.10.2023;87.21;89.51;85.46;89.14
20.10.2023;89.07;89.82;87.5;88.21
23.10.2023;87.95;88.22;85.33;86.08
24.10.2023;86.11;86.27;82.91;83.66
25.10.2023;83.68;85.54;82.05;85.28
26.10.2023;85.34;85.57;82.54;83.49
27.10.2023;83.51;85.87;83.06;85.14
29.10.2023;85.15;85.15;83.73;84.32
30.10.2023;84.3;84.96;81.8;82.69
31.10.2023;82.68;83.34;80.71;81.43
01.11.2023;81.44;83.38;80.27;80.87
02.11.2023;80.9;82.81;80.2;82.61
03.11.2023;82.59;83.58;80.09;80.85
06.11.2023;81.11;82.22;80.63;80.88
07.11.2023;80.86;81.03;77.06;77.12
08.11.2023;77.1;77.51;74.9;75.57
09.11.2023;75.65;77.12;75.19;75.55
10.11.2023;75.57;77.71;75.27;77.21
13.11.2023;77.11;78.62;76.18;78.51
14.11.2023;78.49;79.75;77.76;78.2
15.11.2023;78.13;78.75;76.29;76.53
16.11.2023;76.53;76.6;72.13;72.87
17.11.2023;73.06;76.16;72.88;75.91
20.11.2023;75.76;78.44;75.43;77.59
21.11.2023;77.56;77.89;76.89;77.78
22.11.2023;77.69;77.94;73.77;76.78
23.11.2023;76.79;76.79;75.26;76.32
24.11.2023;76.34;77.06;75.05;75.15
27.11.2023;75.29;76.21;74.02;74.99
28.11.2023;75.04;76.99;74.62;76.53
29.11.2023;76.51;78.06;75.66;77.68
30.11.2023;77.73;79.57;75.02;75.61
01.12.2023;75.56;76.73;73.9;74.18
04.12.2023;74.56;75.01;72.6;73.25
05.12.2023;73.28;74.09;71.99;72.04
06.12.2023;72.07;72.58;69.07;69.22
07.12.2023;69.24;70.45;68.77;69.64
08.12.2023;69.78;71.61;69.47;71.17
11.12.2023;71.09;71.79;70.32;71.36
12.12.2023;71.39;71.93;68.19;68.73
13.12.2023;68.72;69.87;67.69;69.85
14.12.2023;70.06;72.71;69.79;71.96
15.12.2023;71.86;72.53;70.61;71.99
18.12.2023;71.94;74.59;70.95;72.86
19.12.2023;72.92;74.4;72.12;74.17
20.12.2023;74.05;75.36;73.59;73.77
21.12.2023;73.76;74.56;72.41;73.92
22.12.2023;73.84;74.96;73.35;73.57
26.12.2023;73.46;76.16;73.11;75.42
27.12.2023;75.32;75.64;73.73;73.79
28.12.2023;73.8;74.38;71.69;72.01
29.12.2023;71.97;72.6;71.32;71.36
02.01.2024;71.7;73.62;70.03;70.46
03.01.2024;70.47;73.21;69.26;73
04.01.2024;73.02;73.96;71.04;72.38
05.01.2024;72.38;74.21;72.18;73.9
08.01.2024;73.9;73.93;70.1;70.89
09.01.2024;70.86;72.91;70.44;72.19
10.01.2024;72.1;73.56;70.99;71.3
11.01.2024;71.3;73.78;71.14;72.82
12.01.2024;73.01;75.23;72.37;72.77
15.01.2024;72.56;72.92;71.2;72.42
16.01.2024;72.79;73.53;71.68;71.88
17.01.2024;71.99;72.93;70.48;72.82
18.01.2024;72.71;74.17;72.11;73.85
19.01.2024;73.88;74.6;72.95;73.59
22.01.2024;73.6;75.44;72.54;74.64
23.01.2024;74.65;75.22;73.38;74.5
24.01.2024;74.52;75.82;73.93;75.32
25.01.2024;75.28;77.49;75.13;77.09
26.01.2024;77.13;78.24;76.03;78.14
29.01.2024;78.91;79.26;76.39;76.97
30.01.2024;76.98;78.12;75.83;77.75
31.01.2024;77.82;78.08;75.51;75.83
01.02.2024;75.94;76.92;73.67;73.91
02.02.2024;73.89;74.48;71.77;72.11
05.02.2024;72.71;73.25;71.37;72.78
06.02.2024;72.74;73.77;72.36;73.42
07.02.2024;73.46;74.19;73.2;74.05
08.02.2024;74.04;76.57;73.53;76.45
09.02.2024;76.4;77.26;75.9;76.56
12.02.2024;76.53;77.07;75.52;76.92
13.02.2024;76.99;78.46;76.85;77.76
14.02.2024;77.46;78.41;76.08;76.23
15.02.2024;76.3;78.05;75.49;77.56
16.02.2024;77.6;78.49;76.66;78.22
19.02.2024;78.33;78.54;77.6;78.19
20.02.2024;78.23;78.53;76.8;77.2
21.02.2024;77.11;78.05;76.3;78.02
22.02.2024;78.09;78.9;77.2;78.31
23.02.2024;78.32;78.37;76.32;76.56
26.02.2024;76.38;78.01;75.81;77.57
27.02.2024;77.61;78.94;77.14;78.52
28.02.2024;78.48;79.59;77.76;78.27
29.02.2024;78.16;79.25;77.91;78.28
01.03.2024;78.25;80.82;78.02;79.78
04.03.2024;80.13;80.39;78.53;78.76
05.03.2024;78.69;79.46;77.49;78.11
06.03.2024;78.13;80.65;77.96;79.09
07.03.2024;79.08;79.51;77.99;79.45
08.03.2024;79.5;79.97;77.52;77.86
